-- --------------------------------------------------------
-- 호스트:                          127.0.0.1
-- 서버 버전:                        10.4.33-MariaDB - mariadb.org binary distribution
-- 서버 OS:                        Win64
-- HeidiSQL 버전:                  12.6.0.6765
-- --------------------------------------------------------

/*!40101 SET @OLD_CHARACTER_SET_CLIENT=@@CHARACTER_SET_CLIENT */;
/*!40101 SET NAMES utf8 */;
/*!50503 SET NAMES utf8mb4 */;
/*!40103 SET @OLD_TIME_ZONE=@@TIME_ZONE */;
/*!40103 SET TIME_ZONE='+00:00' */;
/*!40014 SET @OLD_FOREIGN_KEY_CHECKS=@@FOREIGN_KEY_CHECKS, FOREIGN_KEY_CHECKS=0 */;
/*!40101 SET @OLD_SQL_MODE=@@SQL_MODE, SQL_MODE='NO_AUTO_VALUE_ON_ZERO' */;
/*!40111 SET @OLD_SQL_NOTES=@@SQL_NOTES, SQL_NOTES=0 */;


-- bnb 데이터베이스 구조 내보내기
CREATE DATABASE IF NOT EXISTS `bnb` /*!40100 DEFAULT CHARACTER SET utf8 COLLATE utf8_general_ci */;
USE `bnb`;

-- 테이블 bnb.booking 구조 내보내기
CREATE TABLE IF NOT EXISTS `booking` (
  `booking_no` int(11) NOT NULL AUTO_INCREMENT,
  `room_no` int(11) NOT NULL,
  `customer_id` varchar(255) NOT NULL,
  `use_people` int(11) NOT NULL,
  `booking_state` enum('전','후','리뷰완료') NOT NULL DEFAULT '전',
  `create_date` datetime NOT NULL DEFAULT current_timestamp(),
  `update_date` datetime NOT NULL DEFAULT current_timestamp(),
  PRIMARY KEY (`booking_no`),
  KEY `customer_id` (`customer_id`),
  CONSTRAINT `booking_ibfk_2` FOREIGN KEY (`customer_id`) REFERENCES `customer` (`customer_id`)
) ENGINE=InnoDB AUTO_INCREMENT=32 DEFAULT CHARSET=utf8 COLLATE=utf8_general_ci;

-- 테이블 데이터 bnb.booking:~10 rows (대략적) 내보내기
INSERT IGNORE INTO `booking` (`booking_no`, `room_no`, `customer_id`, `use_people`, `booking_state`, `create_date`, `update_date`) VALUES
	(20, 1, 'test', 4, '리뷰완료', '2024-05-23 09:16:03', '2024-05-23 09:16:03'),
	(21, 2, 'test', 2, '후', '2024-05-23 09:17:24', '2024-05-23 09:17:24'),
	(22, 15, 'cus8', 2, '전', '2024-05-29 17:39:55', '2024-05-29 17:39:55'),
	(23, 15, 'cus8', 4, '전', '2024-05-29 17:42:55', '2024-05-29 17:42:55'),
	(24, 16, 'cus25', 4, '전', '2024-05-29 17:46:30', '2024-05-29 17:46:30'),
	(25, 16, 'cus26', 4, '전', '2024-05-29 17:46:57', '2024-05-29 17:46:57'),
	(26, 20, 'cus26', 4, '전', '2024-05-29 17:49:27', '2024-05-29 17:49:27'),
	(27, 20, 'test', 3, '전', '2024-05-29 18:00:23', '2024-05-29 18:00:23'),
	(28, 1, 'test', 2, '전', '2024-05-29 18:03:42', '2024-05-29 18:03:42'),
	(29, 2, 'cus30', 1, '전', '2024-05-29 18:05:40', '2024-05-29 18:05:40'),
	(30, 2, 'osy', 5, '전', '2024-05-31 12:46:29', '2024-05-31 12:46:29'),
	(31, 1, 'osy', 4, '전', '2024-05-31 12:46:43', '2024-05-31 12:46:43');

-- 테이블 bnb.booking_list 구조 내보내기
CREATE TABLE IF NOT EXISTS `booking_list` (
  `booking_no` int(11) NOT NULL,
  `room_no` int(11) NOT NULL,
  `room_date` date NOT NULL,
  PRIMARY KEY (`room_no`,`room_date`),
  KEY `fk_booking_list_booking1_idx` (`booking_no`),
  CONSTRAINT `fk_booking_list_booking1` FOREIGN KEY (`booking_no`) REFERENCES `booking` (`booking_no`) ON DELETE CASCADE ON UPDATE NO ACTION,
  CONSTRAINT `fk_booking_list_oneday_price1` FOREIGN KEY (`room_no`, `room_date`) REFERENCES `oneday_price` (`room_no`, `room_date`) ON DELETE NO ACTION ON UPDATE NO ACTION
) ENGINE=InnoDB DEFAULT CHARSET=utf8 COLLATE=utf8_general_ci;

-- 테이블 데이터 bnb.booking_list:~31 rows (대략적) 내보내기
INSERT IGNORE INTO `booking_list` (`booking_no`, `room_no`, `room_date`) VALUES
	(20, 1, '2024-05-24'),
	(20, 1, '2024-05-25'),
	(20, 1, '2024-05-26'),
	(21, 2, '2024-05-15'),
	(21, 2, '2024-05-16'),
	(22, 15, '2024-06-06'),
	(23, 15, '2024-06-15'),
	(23, 15, '2024-06-18'),
	(24, 16, '2024-08-01'),
	(24, 16, '2024-08-02'),
	(24, 16, '2024-08-03'),
	(25, 16, '2024-08-05'),
	(25, 16, '2024-08-06'),
	(26, 20, '2024-05-01'),
	(26, 20, '2024-05-02'),
	(26, 20, '2024-05-03'),
	(27, 20, '2024-05-13'),
	(27, 20, '2024-05-16'),
	(27, 20, '2024-05-19'),
	(27, 20, '2024-05-21'),
	(27, 20, '2024-05-23'),
	(27, 20, '2024-05-25'),
	(27, 20, '2024-05-26'),
	(27, 20, '2024-05-27'),
	(27, 20, '2024-05-28'),
	(27, 20, '2024-05-29'),
	(27, 20, '2024-05-30'),
	(27, 20, '2024-05-31'),
	(28, 1, '2024-05-31'),
	(29, 2, '2024-05-30'),
	(29, 2, '2024-05-31'),
	(30, 2, '2024-05-01'),
	(30, 2, '2024-05-02'),
	(31, 1, '2024-05-27'),
	(31, 1, '2024-05-28');

-- 테이블 bnb.complain 구조 내보내기
CREATE TABLE IF NOT EXISTS `complain` (
  `complain_no` int(11) NOT NULL AUTO_INCREMENT,
  `booking_no` int(11) NOT NULL,
  `complain_type` enum('비위생적','불친절','옵션 미일치') NOT NULL,
  `complain_state` enum('접수','처리중','처리완료') NOT NULL DEFAULT '접수',
  `complain_content` text NOT NULL,
  `complain_answer` text DEFAULT NULL,
  `create_date` datetime NOT NULL DEFAULT current_timestamp(),
  `update_date` datetime NOT NULL DEFAULT current_timestamp() COMMENT '처리중일경우 수정 불가능',
  PRIMARY KEY (`complain_no`),
  KEY `fk_complain_booking1_idx` (`booking_no`),
  CONSTRAINT `fk_complain_booking1` FOREIGN KEY (`booking_no`) REFERENCES `booking` (`booking_no`) ON DELETE NO ACTION ON UPDATE NO ACTION
) ENGINE=InnoDB AUTO_INCREMENT=4 DEFAULT CHARSET=utf8 COLLATE=utf8_general_ci;

-- 테이블 데이터 bnb.complain:~1 rows (대략적) 내보내기
INSERT IGNORE INTO `complain` (`complain_no`, `booking_no`, `complain_type`, `complain_state`, `complain_content`, `complain_answer`, `create_date`, `update_date`) VALUES
	(3, 20, '옵션 미일치', '접수', '123456', NULL, '2024-05-29 18:01:12', '2024-05-29 18:01:12');

-- 테이블 bnb.customer 구조 내보내기
CREATE TABLE IF NOT EXISTS `customer` (
  `customer_id` varchar(255) NOT NULL,
  `customer_pw` varchar(16) NOT NULL COMMENT '8이상 16이하',
  `customer_email` varchar(255) NOT NULL,
  `customer_name` varchar(255) NOT NULL,
  `customer_birth` date NOT NULL,
  `customer_phone` varchar(20) NOT NULL,
  `customer_gender` enum('M','F') NOT NULL,
  `customer_grade` enum('0','1') NOT NULL DEFAULT '0',
  `create_date` datetime NOT NULL DEFAULT current_timestamp(),
  `update_date` datetime NOT NULL DEFAULT current_timestamp(),
  PRIMARY KEY (`customer_id`)
) ENGINE=InnoDB DEFAULT CHARSET=utf8 COLLATE=utf8_general_ci;

-- 테이블 데이터 bnb.customer:~56 rows (대략적) 내보내기
INSERT IGNORE INTO `customer` (`customer_id`, `customer_pw`, `customer_email`, `customer_name`, `customer_birth`, `customer_phone`, `customer_gender`, `customer_grade`, `create_date`, `update_date`) VALUES
	('cus1', '1234', 'cus1@gmail.com', '고객1', '1960-01-01', '010-0000-0001', 'F', '1', '2024-05-29 17:01:11', '2024-05-29 17:01:11'),
	('cus10', '1234', 'cus10@gmail.com', '고객10', '1991-01-10', '010-1111-1110', 'F', '0', '2024-05-29 17:14:34', '2024-05-29 17:14:34'),
	('cus11', '1234', 'cus11@gmail.com', '고객11', '1991-01-11', '010-1111-1011', 'F', '0', '2024-05-29 17:15:00', '2024-05-29 17:15:00'),
	('cus12', '1234', 'cus12@gmail.com', '고객12', '1991-01-12', '010-1111-1012', 'M', '0', '2024-05-29 17:15:29', '2024-05-29 17:15:29'),
	('cus13', '1234', 'cus13@gmail.com', '고객13', '1991-01-13', '010-1234-1213', 'M', '0', '2024-05-29 17:15:59', '2024-05-29 17:15:59'),
	('cus14', '1234', 'cus14@gmail.com', '고객14', '1991-01-14', '010-1111-1014', 'M', '0', '2024-05-29 17:17:54', '2024-05-29 17:17:54'),
	('cus15', '1234', 'cus15@gmail.com', '고객15', '1991-01-15', '010-1111-1015', 'F', '0', '2024-05-29 17:18:23', '2024-05-29 17:18:23'),
	('cus16', '1234', 'cus16@gmail.com', '고객16', '1991-01-16', '010-1111-1016', 'F', '0', '2024-05-29 17:18:50', '2024-05-29 17:18:50'),
	('cus17', '1234', 'cus17@gmail.com', '고객17', '1991-01-17', '010-1111-1017', 'F', '0', '2024-05-29 17:19:14', '2024-05-29 17:19:14'),
	('cus18', '1234', 'cus18@gmail.com', '고객18', '1991-01-18', '010-1111-1018', 'M', '0', '2024-05-29 17:19:39', '2024-05-29 17:19:39'),
	('cus19', '1234', 'cus19@gmail.com', '고객19', '1991-11-19', '010-1111-1019', 'F', '0', '2024-05-29 17:20:03', '2024-05-29 17:20:03'),
	('cus2', '1234', 'cus2@gmail.com', '고객2', '1991-01-02', '010-0000-0002', 'F', '1', '2024-05-29 17:01:51', '2024-05-29 17:01:51'),
	('cus20', '1234', 'cus20@gmail.com', '고객20', '1991-06-03', '010-1111-1020', 'M', '0', '2024-05-29 17:20:27', '2024-05-29 17:20:27'),
	('cus21', '1234', 'cus21@gmail.com', ' 고객21', '1991-01-21', '010-1111-1021', 'M', '0', '2024-05-29 17:20:48', '2024-05-29 17:20:48'),
	('cus22', '1234', 'cus22@gmail.com', '고객22', '1991-01-22', '010-1111-1022', 'F', '0', '2024-05-29 17:21:10', '2024-05-29 17:21:10'),
	('cus23', '1234', 'cus23@gmail.com', '고객23', '1991-01-23', '010-1111-1023', 'M', '0', '2024-05-29 17:21:38', '2024-05-29 17:21:38'),
	('cus24', '1234', 'cus24@gmail.com', '고객24', '1991-01-24', '010-1111-1024', 'F', '0', '2024-05-29 17:22:09', '2024-05-29 17:22:09'),
	('cus25', '1234', 'cus25@gmail.com', 'cus25', '2024-05-01', '010-1234-5678', 'M', '0', '2024-05-29 17:11:56', '2024-05-29 17:11:56'),
	('cus26', '1234', 'cus26@naver.com', 'cus26', '1999-01-01', '010-1234-5678', 'M', '0', '2024-05-29 17:12:29', '2024-05-29 17:12:29'),
	('cus27', '1234', 'cus27@naver.com', 'cus27', '1999-01-01', '010-1234-5678', 'F', '0', '2024-05-29 17:12:50', '2024-05-29 17:12:50'),
	('cus28', '1234', 'cus28@naver.com', 'cus28', '1999-01-01', '010-1234-5678', 'M', '0', '2024-05-29 17:13:11', '2024-05-29 17:13:11'),
	('cus29', '1234', 'cus29@naver.com', 'cus29', '2024-05-01', '010-1234-5678', 'M', '0', '2024-05-29 17:13:28', '2024-05-29 17:13:28'),
	('cus3', '1234', 'cus3@gmail.com', '고객3', '1991-01-03', '010-1111-1113', 'M', '0', '2024-05-29 17:11:46', '2024-05-29 17:11:46'),
	('cus30', '1234', 'cus30@naver.com', 'cus30', '0199-01-01', '010-1234-5678', 'M', '1', '2024-05-29 17:13:45', '2024-05-29 17:13:45'),
	('cus31', '1234', 'cus31@naver.com', 'cus31', '2024-05-03', '010-1234-5678', 'F', '0', '2024-05-29 17:14:13', '2024-05-29 17:14:13'),
	('cus32', '1234', 'cus32@naver.com', 'cus32', '0199-01-01', '010-1234-5678', 'F', '0', '2024-05-29 17:14:33', '2024-05-29 17:14:33'),
	('cus33', '1234', 'cus33@naver.com', 'cus33', '0199-01-01', '010-1234-5678', 'F', '0', '2024-05-29 17:14:54', '2024-05-29 17:14:54'),
	('cus34', '1234', 'cus34@naver.com', 'cus34', '1999-01-01', '010-1234-5678', 'F', '0', '2024-05-29 17:15:10', '2024-05-29 17:15:10'),
	('cus35', '1234', 'cus35@naver.com', 'cus35', '1999-01-01', '010-1234-5678', 'M', '0', '2024-05-29 17:15:26', '2024-05-29 17:15:26'),
	('cus36', '1234', 'cus36@naver.com', 'cus36', '1999-01-01', '010-1234-5678', 'M', '0', '2024-05-29 17:15:41', '2024-05-29 17:15:41'),
	('cus37', '1234', 'cus37@naver.com', 'cus37', '2000-01-01', '010-1234-5678', 'M', '0', '2024-05-29 17:16:19', '2024-05-29 17:16:19'),
	('cus38', '1234', 'cus38@naver.com', 'cus38', '2000-01-01', '010-1234-5678', 'M', '0', '2024-05-29 17:16:39', '2024-05-29 17:16:39'),
	('cus39', '1234', 'cus39@naver.com', 'cus39', '1999-07-07', '010-1234-5678', 'M', '0', '2024-05-29 17:17:22', '2024-05-29 17:17:22'),
	('cus4', '1234', 'cus4@gmail.com', '고객4', '1991-01-04', '010-1111-1114', 'M', '0', '2024-05-29 17:03:06', '2024-05-29 17:03:06'),
	('cus40', '1234', 'cus40@naver.com', 'cus40', '1999-01-01', '010-1234-5678', 'M', '0', '2024-05-29 17:17:38', '2024-05-29 17:17:38'),
	('cus41', '1234', 'cus41@anver.com', 'cus41', '1999-09-01', '010-1234-5678', 'M', '0', '2024-05-29 17:18:31', '2024-05-29 17:18:31'),
	('cus42', '1234', 'cus42@naver.com', 'cus42', '1999-01-01', '010-1234-5678', 'M', '0', '2024-05-29 17:18:56', '2024-05-29 17:18:56'),
	('cus43', '1234', 'cus43@anver.com', 'cus43', '2999-01-01', '010-1234-5678', 'F', '0', '2024-05-29 17:19:13', '2024-05-29 17:19:13'),
	('cus44', '1234', 'cus44@naver.cm', 'cus44', '0199-01-01', '010-1234-5678', 'M', '0', '2024-05-29 17:19:26', '2024-05-29 17:19:26'),
	('cus45', '1234', 'cus45@naver.com', 'cus45', '0199-01-01', '010-1234-5678', 'F', '0', '2024-05-29 17:19:50', '2024-05-29 17:19:50'),
	('cus46', '1234', 'cus46@anver.com', 'cus46', '1999-01-17', '010-1234-5678', 'M', '0', '2024-05-29 17:20:17', '2024-05-29 17:20:17'),
	('cus47', '1234', 'cus47@naver.com', 'cus47', '0199-01-01', '010-1234-5678', 'M', '0', '2024-05-29 17:20:28', '2024-05-29 17:20:28'),
	('cus48', '1234', 'cus48@nave.com', 'cus48', '1999-01-01', '010-1234-5678', 'M', '0', '2024-05-29 17:20:47', '2024-05-29 17:20:47'),
	('cus49', '1234', 'cus49@naver.com', '고객49', '1999-01-01', '010-1234-5678', 'M', '0', '2024-05-29 17:21:08', '2024-05-29 17:21:08'),
	('cus5', '1234', 'cus5@gmail.com', '고객5', '1991-06-01', '010-1234-1234', 'M', '0', '2024-05-29 17:04:18', '2024-05-29 17:04:18'),
	('cus50', '1234', 'cus50@naver.com', '고객50', '1999-01-01', '010-1234-5678', 'M', '0', '2024-05-29 17:21:28', '2024-05-29 17:21:28'),
	('cus51', '1234', 'cus51@naver.com', '고객51', '2024-04-30', '010-1234-5678', 'M', '0', '2024-05-29 17:21:43', '2024-05-29 17:21:43'),
	('cus6', '1234', 'cus6@gmail.com', '고객6', '1991-01-06', '010-1111-1116', 'F', '0', '2024-05-29 17:12:39', '2024-05-29 17:12:39'),
	('cus8', '1234', 'cus8@gmail.com', '고객8', '1991-06-08', '010-1111-1118', 'M', '0', '2024-05-29 17:13:32', '2024-05-29 17:13:32'),
	('cus9', '1234', 'cus9@gmail.com', '고객9', '1991-06-09', '010-1111-1119', 'F', '0', '2024-05-29 17:13:58', '2024-05-29 17:13:58'),
	('kimtery', '1234', 'a@a.com', '김손님', '1999-07-15', '010-0000-0000', 'M', '0', '2024-05-09 16:36:36', '2024-05-09 16:36:36'),
	('ldh', '1234', 'ldh@gmail.com', '이호창', '2024-05-29', '010-1111-1111', 'M', '0', '2024-05-29 16:55:53', '2024-05-29 16:55:53'),
	('lyh', '1234', 'abcd@google.com', '이용훈', '1995-06-03', '010-1234-5678', 'M', '0', '2024-05-29 16:53:39', '2024-05-29 16:53:39'),
	('osy', '1234', 'b@a.com', '오손님', '2002-08-15', '010-0000-0000', 'F', '1', '2024-05-09 16:36:36', '2024-05-09 16:36:36'),
	('test', '1234', 'test@naver.com', 'test', '2024-05-01', '010-1234-5678', 'M', '1', '2024-05-23 09:10:33', '2024-05-23 09:10:33'),
	('yym', '1234', 'yym@gmail.com', '유관순', '1963-02-10', '010-1111-1113', 'F', '0', '2024-05-29 16:56:55', '2024-05-29 16:56:55');

-- 테이블 bnb.customer_pw_history 구조 내보내기
CREATE TABLE IF NOT EXISTS `customer_pw_history` (
  `customer_id` varchar(255) NOT NULL,
  `customer_pw` varchar(16) NOT NULL,
  `create_date` datetime NOT NULL DEFAULT current_timestamp(),
  PRIMARY KEY (`customer_id`,`customer_pw`),
  KEY `customer_id` (`customer_id`),
  CONSTRAINT `customer_pw_history_ibfk_1` FOREIGN KEY (`customer_id`) REFERENCES `customer` (`customer_id`) ON DELETE CASCADE
) ENGINE=InnoDB DEFAULT CHARSET=utf8 COLLATE=utf8_general_ci;

-- 테이블 데이터 bnb.customer_pw_history:~54 rows (대략적) 내보내기
INSERT IGNORE INTO `customer_pw_history` (`customer_id`, `customer_pw`, `create_date`) VALUES
	('cus1', '1234', '2024-05-29 17:01:11'),
	('cus10', '1234', '2024-05-29 17:14:34'),
	('cus11', '1234', '2024-05-29 17:15:00'),
	('cus12', '1234', '2024-05-29 17:15:29'),
	('cus13', '1234', '2024-05-29 17:15:59'),
	('cus14', '1234', '2024-05-29 17:17:54'),
	('cus15', '1234', '2024-05-29 17:18:23'),
	('cus16', '1234', '2024-05-29 17:18:50'),
	('cus17', '1234', '2024-05-29 17:19:14'),
	('cus18', '1234', '2024-05-29 17:19:39'),
	('cus19', '1234', '2024-05-29 17:20:03'),
	('cus2', '1234', '2024-05-29 17:01:51'),
	('cus20', '1234', '2024-05-29 17:20:27'),
	('cus21', '1234', '2024-05-29 17:20:48'),
	('cus22', '1234', '2024-05-29 17:21:10'),
	('cus23', '1234', '2024-05-29 17:21:38'),
	('cus24', '1234', '2024-05-29 17:22:09'),
	('cus25', '1234', '2024-05-29 17:11:56'),
	('cus26', '1234', '2024-05-29 17:12:29'),
	('cus27', '1234', '2024-05-29 17:12:50'),
	('cus28', '1234', '2024-05-29 17:13:11'),
	('cus29', '1234', '2024-05-29 17:13:28'),
	('cus3', '1234', '2024-05-29 17:11:46'),
	('cus30', '1234', '2024-05-29 17:13:45'),
	('cus31', '1234', '2024-05-29 17:14:13'),
	('cus32', '1234', '2024-05-29 17:14:33'),
	('cus33', '1234', '2024-05-29 17:14:54'),
	('cus34', '1234', '2024-05-29 17:15:10'),
	('cus35', '1234', '2024-05-29 17:15:26'),
	('cus36', '1234', '2024-05-29 17:15:41'),
	('cus37', '1234', '2024-05-29 17:16:19'),
	('cus38', '1234', '2024-05-29 17:16:39'),
	('cus39', '1234', '2024-05-29 17:17:22'),
	('cus4', '1234', '2024-05-29 17:03:06'),
	('cus40', '1234', '2024-05-29 17:17:38'),
	('cus41', '1234', '2024-05-29 17:18:31'),
	('cus42', '1234', '2024-05-29 17:18:56'),
	('cus43', '1234', '2024-05-29 17:19:13'),
	('cus44', '1234', '2024-05-29 17:19:26'),
	('cus45', '1234', '2024-05-29 17:19:50'),
	('cus46', '1234', '2024-05-29 17:20:17'),
	('cus47', '1234', '2024-05-29 17:20:28'),
	('cus48', '1234', '2024-05-29 17:20:47'),
	('cus49', '1234', '2024-05-29 17:21:09'),
	('cus5', '1234', '2024-05-29 17:04:18'),
	('cus50', '1234', '2024-05-29 17:21:28'),
	('cus51', '1234', '2024-05-29 17:21:43'),
	('cus6', '1234', '2024-05-29 17:12:39'),
	('cus8', '1234', '2024-05-29 17:13:32'),
	('cus9', '1234', '2024-05-29 17:13:58'),
	('kimtery', '1234', '2024-05-09 16:39:39'),
	('ldh', '1234', '2024-05-29 16:55:53'),
	('lyh', '1234', '2024-05-29 16:53:39'),
	('osy', '1234', '2024-05-09 16:39:39'),
	('test', '1234', '2024-05-23 09:10:33'),
	('yym', '1234', '2024-05-29 16:56:55');

-- 테이블 bnb.emp 구조 내보내기
CREATE TABLE IF NOT EXISTS `emp` (
  `emp_no` int(11) NOT NULL AUTO_INCREMENT,
  `emp_name` varchar(255) NOT NULL,
  `emp_pw` varchar(16) NOT NULL,
  `emp_phone` varchar(20) NOT NULL,
  `emp_birth` date NOT NULL,
  `create_date` datetime NOT NULL DEFAULT current_timestamp(),
  `update_date` datetime NOT NULL DEFAULT current_timestamp(),
  PRIMARY KEY (`emp_no`)
) ENGINE=InnoDB AUTO_INCREMENT=1053 DEFAULT CHARSET=utf8 COLLATE=utf8_general_ci;

-- 테이블 데이터 bnb.emp:~48 rows (대략적) 내보내기
INSERT IGNORE INTO `emp` (`emp_no`, `emp_name`, `emp_pw`, `emp_phone`, `emp_birth`, `create_date`, `update_date`) VALUES
	(1001, 'admin', '1234', '010-1234-5678', '1999-01-01', '2024-05-21 11:35:45', '2024-05-21 11:35:45'),
	(1002, 'admin2', '20240521', '010-0000-0000', '2024-05-21', '2024-05-21 12:25:15', '2024-05-21 12:25:15'),
	(1003, 'admin3', '20240508', '010-1234-5678', '2024-05-08', '2024-05-21 12:27:44', '2024-05-21 12:27:44'),
	(1004, 'admin3', '20240501', '010-1111-1111', '2024-05-01', '2024-05-21 12:28:14', '2024-05-21 12:28:14'),
	(1005, 'admin5', '20240501', '010-1234-5678', '2024-05-01', '2024-05-21 12:28:20', '2024-05-21 12:28:20'),
	(1006, 'admin6', '20240501', '010-1234-5678', '2024-05-01', '2024-05-21 12:28:27', '2024-05-21 12:28:27'),
	(1007, 'admin7', '20240501', '010-1234-5678', '2024-05-01', '2024-05-21 12:28:38', '2024-05-21 12:28:38'),
	(1008, 'admin8', '20240501', '010-1234-5678', '2024-05-01', '2024-05-21 12:28:46', '2024-05-21 12:28:46'),
	(1009, 'admin9', '20240501', '010-1234-5678', '2024-05-01', '2024-05-21 12:28:53', '2024-05-21 12:28:53'),
	(1010, 'admin10', '20240501', '010-1234-5678', '2024-05-01', '2024-05-21 12:29:00', '2024-05-21 12:29:00'),
	(1011, 'test', '20240501', '010-1234-5678', '2024-05-01', '2024-05-21 12:29:11', '2024-05-21 12:29:11'),
	(1012, 'test2', '20240501', '010-1234-5678', '2024-05-01', '2024-05-21 12:29:16', '2024-05-21 12:29:16'),
	(1013, '관리자1', '20240501', '010-1234-5678', '2024-05-01', '2024-05-29 16:54:11', '2024-05-29 16:54:11'),
	(1014, '관리자2', '20240502', '010-1234-5678', '2024-05-02', '2024-05-29 16:54:18', '2024-05-29 16:54:18'),
	(1015, '관리자3', '20240501', '010-1234-5678', '2024-05-01', '2024-05-29 16:54:28', '2024-05-29 16:54:28'),
	(1016, '관리자4', '20240501', '010-1234-5678', '2024-05-01', '2024-05-29 16:54:39', '2024-05-29 16:54:39'),
	(1017, '관리자5', '20240502', '010-1234-5678', '2024-05-02', '2024-05-29 16:54:51', '2024-05-29 16:54:51'),
	(1018, '관리자6', '20240502', '010-1234-5678', '2024-05-02', '2024-05-29 16:55:00', '2024-05-29 16:55:00'),
	(1019, '관리자7', '20240501', '010-1234-5678', '2024-05-01', '2024-05-29 16:55:08', '2024-05-29 16:55:08'),
	(1020, '관리자8', '20240504', '010-1234-5678', '2024-05-04', '2024-05-29 16:55:18', '2024-05-29 16:55:18'),
	(1021, '관리자9', '20240502', '010-1234-5678', '2024-05-02', '2024-05-29 16:55:27', '2024-05-29 16:55:27'),
	(1022, '관리자10', '20240501', '010-1234-5678', '2024-05-01', '2024-05-29 16:55:37', '2024-05-29 16:55:37'),
	(1023, '관리자11', '20240505', '010-1111-1111', '2024-05-05', '2024-05-29 16:55:47', '2024-05-29 16:55:47'),
	(1024, '관리자12', '20240502', '010-1111-1111', '2024-05-02', '2024-05-29 16:55:53', '2024-05-29 16:55:53'),
	(1025, '관리자13', '20240515', '010-1111-1111', '2024-05-15', '2024-05-29 16:56:02', '2024-05-29 16:56:02'),
	(1026, '관리자14', '20240508', '010-1234-5678', '2024-05-08', '2024-05-29 16:56:32', '2024-05-29 16:56:32'),
	(1027, '관리자15', '20240510', '010-1234-5679', '2024-05-10', '2024-05-29 16:56:44', '2024-05-29 16:56:44'),
	(1028, '관리자16', '20240517', '010-1111-1111', '2024-05-17', '2024-05-29 16:56:52', '2024-05-29 16:56:52'),
	(1029, '관리자17', '20240510', '010-1111-1111', '2024-05-10', '2024-05-29 17:00:15', '2024-05-29 17:00:15'),
	(1030, '관리자18', '20240511', '010-1111-1111', '2024-05-11', '2024-05-29 17:00:29', '2024-05-29 17:00:29'),
	(1031, '관리자19', '20240513', '010-1111-1111', '2024-05-13', '2024-05-29 17:00:37', '2024-05-29 17:00:37'),
	(1032, '관리자20', '20240520', '010-1234-5678', '2024-05-20', '2024-05-29 17:00:46', '2024-05-29 17:00:46'),
	(1033, '관리자21', '20240430', '010-1111-1111', '2024-04-30', '2024-05-29 17:00:52', '2024-05-29 17:00:52'),
	(1034, '관리자22', '20240515', '010-1111-1111', '2024-05-15', '2024-05-29 17:00:58', '2024-05-29 17:00:58'),
	(1035, '관리자23', '20240524', '010-1234-5678', '2024-05-24', '2024-05-29 17:01:04', '2024-05-29 17:01:04'),
	(1036, '관리자24', '20240525', '010-1234-5678', '2024-05-25', '2024-05-29 17:01:12', '2024-05-29 17:01:12'),
	(1037, '관리자26', '20240520', '010-1234-5678', '2024-05-20', '2024-05-29 17:01:18', '2024-05-29 17:01:18'),
	(1038, '관리자27', '20240519', '010-1111-1111', '2024-05-19', '2024-05-29 17:01:24', '2024-05-29 17:01:24'),
	(1039, '관리자28', '20240520', '010-1111-1111', '2024-05-20', '2024-05-29 17:01:33', '2024-05-29 17:01:33'),
	(1040, '관리자29', '20240525', '010-1234-5678', '2024-05-25', '2024-05-29 17:01:39', '2024-05-29 17:01:39'),
	(1041, '관리자30', '20240607', '010-1234-5678', '2024-06-07', '2024-05-29 17:01:46', '2024-05-29 17:01:46'),
	(1042, '관리자31', '20240312', '010-1111-1111', '2024-03-12', '2024-05-29 17:01:56', '2024-05-29 17:01:56'),
	(1043, '관리자32', '20240430', '010-1111-1111', '2024-04-30', '2024-05-29 17:02:02', '2024-05-29 17:02:02'),
	(1044, '관리자32', '20240307', '010-1111-1111', '2024-03-07', '2024-05-29 17:02:08', '2024-05-29 17:02:08'),
	(1045, '관리자33', '20240301', '010-1234-5678', '2024-03-01', '2024-05-29 17:02:18', '2024-05-29 17:02:18'),
	(1046, '관리자34', '20240502', '010-1111-1111', '2024-05-02', '2024-05-29 17:02:23', '2024-05-29 17:02:23'),
	(1047, '관리자35', '20240522', '010-1234-5678', '2024-05-22', '2024-05-29 17:02:32', '2024-05-29 17:02:32'),
	(1048, '관리자36', '20240425', '010-1111-1111', '2024-04-25', '2024-05-29 17:02:41', '2024-05-29 17:02:41'),
	(1049, '관리자37', '20240504', '010-1111-1111', '2024-05-04', '2024-05-29 17:03:09', '2024-05-29 17:03:09'),
	(1050, '관리자48', '20240502', '010-1111-1111', '2024-05-02', '2024-05-29 17:03:15', '2024-05-29 17:03:15'),
	(1051, '관리자49', '20240304', '010-1234-5678', '2024-03-04', '2024-05-29 17:03:22', '2024-05-29 17:03:22'),
	(1052, '관리자50', '20240503', '010-1111-1111', '2024-05-03', '2024-05-29 17:08:33', '2024-05-29 17:08:33');

-- 테이블 bnb.emp_pw_history 구조 내보내기
CREATE TABLE IF NOT EXISTS `emp_pw_history` (
  `emp_pw` varchar(16) NOT NULL,
  `emp_no` int(11) NOT NULL AUTO_INCREMENT,
  `create_date` datetime NOT NULL DEFAULT current_timestamp(),
  PRIMARY KEY (`emp_no`,`emp_pw`),
  CONSTRAINT `emp_pw_history_ibfk_1` FOREIGN KEY (`emp_no`) REFERENCES `emp` (`emp_no`) ON DELETE CASCADE
) ENGINE=InnoDB AUTO_INCREMENT=1053 DEFAULT CHARSET=utf8 COLLATE=utf8_general_ci;

-- 테이블 데이터 bnb.emp_pw_history:~48 rows (대략적) 내보내기
INSERT IGNORE INTO `emp_pw_history` (`emp_pw`, `emp_no`, `create_date`) VALUES
	('1234', 1001, '2024-05-21 11:36:03'),
	('20240521', 1002, '2024-05-21 12:25:15'),
	('20240508', 1003, '2024-05-21 12:27:44'),
	('20240501', 1004, '2024-05-21 12:28:14'),
	('20240501', 1005, '2024-05-21 12:28:21'),
	('20240501', 1006, '2024-05-21 12:28:27'),
	('20240501', 1007, '2024-05-21 12:28:38'),
	('20240501', 1008, '2024-05-21 12:28:46'),
	('20240501', 1009, '2024-05-21 12:28:53'),
	('20240501', 1010, '2024-05-21 12:29:00'),
	('20240501', 1011, '2024-05-21 12:29:11'),
	('20240501', 1012, '2024-05-21 12:29:16'),
	('20240501', 1013, '2024-05-29 16:54:11'),
	('20240502', 1014, '2024-05-29 16:54:18'),
	('20240501', 1015, '2024-05-29 16:54:28'),
	('20240501', 1016, '2024-05-29 16:54:39'),
	('20240502', 1017, '2024-05-29 16:54:51'),
	('20240502', 1018, '2024-05-29 16:55:00'),
	('20240501', 1019, '2024-05-29 16:55:08'),
	('20240504', 1020, '2024-05-29 16:55:18'),
	('20240502', 1021, '2024-05-29 16:55:27'),
	('20240501', 1022, '2024-05-29 16:55:37'),
	('20240505', 1023, '2024-05-29 16:55:47'),
	('20240502', 1024, '2024-05-29 16:55:54'),
	('20240515', 1025, '2024-05-29 16:56:02'),
	('20240508', 1026, '2024-05-29 16:56:32'),
	('20240510', 1027, '2024-05-29 16:56:44'),
	('20240517', 1028, '2024-05-29 16:56:52'),
	('20240510', 1029, '2024-05-29 17:00:15'),
	('20240511', 1030, '2024-05-29 17:00:29'),
	('20240513', 1031, '2024-05-29 17:00:37'),
	('20240520', 1032, '2024-05-29 17:00:46'),
	('20240430', 1033, '2024-05-29 17:00:52'),
	('20240515', 1034, '2024-05-29 17:00:58'),
	('20240524', 1035, '2024-05-29 17:01:04'),
	('20240525', 1036, '2024-05-29 17:01:12'),
	('20240520', 1037, '2024-05-29 17:01:18'),
	('20240519', 1038, '2024-05-29 17:01:24'),
	('20240520', 1039, '2024-05-29 17:01:33'),
	('20240525', 1040, '2024-05-29 17:01:39'),
	('20240607', 1041, '2024-05-29 17:01:46'),
	('20240312', 1042, '2024-05-29 17:01:56'),
	('20240430', 1043, '2024-05-29 17:02:02'),
	('20240307', 1044, '2024-05-29 17:02:09'),
	('20240301', 1045, '2024-05-29 17:02:18'),
	('20240502', 1046, '2024-05-29 17:02:23'),
	('20240522', 1047, '2024-05-29 17:02:32'),
	('20240425', 1048, '2024-05-29 17:02:42'),
	('20240504', 1049, '2024-05-29 17:03:09'),
	('20240502', 1050, '2024-05-29 17:03:15'),
	('20240304', 1051, '2024-05-29 17:03:22'),
	('20240503', 1052, '2024-05-29 17:08:33');

-- 테이블 bnb.oneday_price 구조 내보내기
CREATE TABLE IF NOT EXISTS `oneday_price` (
  `room_date` date NOT NULL,
  `room_no` int(11) NOT NULL,
  `room_price` int(11) NOT NULL,
  `room_state` enum('예약 가능','예약 완료') NOT NULL DEFAULT '예약 가능',
  `create_date` datetime NOT NULL DEFAULT current_timestamp(),
  `update_date` datetime NOT NULL DEFAULT current_timestamp(),
  PRIMARY KEY (`room_no`,`room_date`),
  KEY `room_no` (`room_no`),
  CONSTRAINT `oneday_price_ibfk_1` FOREIGN KEY (`room_no`) REFERENCES `room` (`room_no`)
) ENGINE=InnoDB DEFAULT CHARSET=utf8 COLLATE=utf8_general_ci;

-- 테이블 데이터 bnb.oneday_price:~277 rows (대략적) 내보내기
INSERT IGNORE INTO `oneday_price` (`room_date`, `room_no`, `room_price`, `room_state`, `create_date`, `update_date`) VALUES
	('2024-05-24', 1, 80000, '예약 완료', '2024-05-23 09:15:39', '2024-05-23 09:15:39'),
	('2024-05-25', 1, 80000, '예약 완료', '2024-05-23 09:15:39', '2024-05-23 09:15:39'),
	('2024-05-26', 1, 80000, '예약 완료', '2024-05-23 09:15:39', '2024-05-23 09:15:39'),
	('2024-05-27', 1, 80000, '예약 완료', '2024-05-23 09:15:39', '2024-05-23 09:15:39'),
	('2024-05-28', 1, 80000, '예약 완료', '2024-05-23 09:15:39', '2024-05-23 09:15:39'),
	('2024-05-29', 1, 80000, '예약 가능', '2024-05-23 09:15:39', '2024-05-23 09:15:39'),
	('2024-05-30', 1, 80000, '예약 가능', '2024-05-23 09:15:39', '2024-05-23 09:15:39'),
	('2024-05-31', 1, 80000, '예약 완료', '2024-05-23 09:15:39', '2024-05-23 09:15:39'),
	('2024-06-01', 1, 50000, '예약 가능', '2024-05-31 12:44:23', '2024-05-31 12:44:23'),
	('2024-06-02', 1, 50000, '예약 가능', '2024-05-31 12:44:23', '2024-05-31 12:44:23'),
	('2024-06-03', 1, 50000, '예약 가능', '2024-05-31 12:44:23', '2024-05-31 12:44:23'),
	('2024-06-04', 1, 50000, '예약 가능', '2024-05-31 12:44:23', '2024-05-31 12:44:23'),
	('2024-06-05', 1, 50000, '예약 가능', '2024-05-31 12:44:23', '2024-05-31 12:44:23'),
	('2024-06-06', 1, 50000, '예약 가능', '2024-05-31 12:44:23', '2024-05-31 12:44:23'),
	('2024-06-07', 1, 50000, '예약 가능', '2024-05-31 12:44:23', '2024-05-31 12:44:23'),
	('2024-06-08', 1, 50000, '예약 가능', '2024-05-31 12:44:23', '2024-05-31 12:44:23'),
	('2024-06-09', 1, 50000, '예약 가능', '2024-05-31 12:44:23', '2024-05-31 12:44:23'),
	('2024-06-10', 1, 50000, '예약 가능', '2024-05-31 12:44:23', '2024-05-31 12:44:23'),
	('2024-06-11', 1, 50000, '예약 가능', '2024-05-31 12:44:23', '2024-05-31 12:44:23'),
	('2024-06-12', 1, 50000, '예약 가능', '2024-05-31 12:44:23', '2024-05-31 12:44:23'),
	('2024-06-13', 1, 50000, '예약 가능', '2024-05-31 12:44:23', '2024-05-31 12:44:23'),
	('2024-06-14', 1, 50000, '예약 가능', '2024-05-31 12:44:23', '2024-05-31 12:44:23'),
	('2024-06-15', 1, 50000, '예약 가능', '2024-05-31 12:44:23', '2024-05-31 12:44:23'),
	('2024-06-16', 1, 50000, '예약 가능', '2024-05-31 12:44:23', '2024-05-31 12:44:23'),
	('2024-06-17', 1, 50000, '예약 가능', '2024-05-31 12:44:23', '2024-05-31 12:44:23'),
	('2024-06-18', 1, 50000, '예약 가능', '2024-05-31 12:44:23', '2024-05-31 12:44:23'),
	('2024-06-19', 1, 50000, '예약 가능', '2024-05-31 12:44:23', '2024-05-31 12:44:23'),
	('2024-06-20', 1, 50000, '예약 가능', '2024-05-31 12:44:23', '2024-05-31 12:44:23'),
	('2024-06-21', 1, 50000, '예약 가능', '2024-05-31 12:44:23', '2024-05-31 12:44:23'),
	('2024-06-22', 1, 50000, '예약 가능', '2024-05-31 12:44:23', '2024-05-31 12:44:23'),
	('2024-06-23', 1, 50000, '예약 가능', '2024-05-31 12:44:23', '2024-05-31 12:44:23'),
	('2024-06-24', 1, 50000, '예약 가능', '2024-05-31 12:44:23', '2024-05-31 12:44:23'),
	('2024-06-25', 1, 50000, '예약 가능', '2024-05-31 12:44:23', '2024-05-31 12:44:23'),
	('2024-06-26', 1, 50000, '예약 가능', '2024-05-31 12:44:23', '2024-05-31 12:44:23'),
	('2024-06-27', 1, 50000, '예약 가능', '2024-05-31 12:44:23', '2024-05-31 12:44:23'),
	('2024-06-28', 1, 50000, '예약 가능', '2024-05-31 12:44:23', '2024-05-31 12:44:23'),
	('2024-06-29', 1, 50000, '예약 가능', '2024-05-31 12:44:23', '2024-05-31 12:44:23'),
	('2024-06-30', 1, 50000, '예약 가능', '2024-05-31 12:44:23', '2024-05-31 12:44:23'),
	('2024-07-01', 1, 70000, '예약 가능', '2024-05-31 12:44:32', '2024-05-31 12:44:32'),
	('2024-07-02', 1, 70000, '예약 가능', '2024-05-31 12:44:32', '2024-05-31 12:44:32'),
	('2024-07-03', 1, 70000, '예약 가능', '2024-05-31 12:44:32', '2024-05-31 12:44:32'),
	('2024-07-04', 1, 70000, '예약 가능', '2024-05-31 12:44:32', '2024-05-31 12:44:32'),
	('2024-07-05', 1, 70000, '예약 가능', '2024-05-31 12:44:32', '2024-05-31 12:44:32'),
	('2024-07-06', 1, 70000, '예약 가능', '2024-05-31 12:44:32', '2024-05-31 12:44:32'),
	('2024-07-07', 1, 70000, '예약 가능', '2024-05-31 12:44:32', '2024-05-31 12:44:32'),
	('2024-07-08', 1, 70000, '예약 가능', '2024-05-31 12:44:32', '2024-05-31 12:44:32'),
	('2024-07-09', 1, 70000, '예약 가능', '2024-05-31 12:44:32', '2024-05-31 12:44:32'),
	('2024-07-10', 1, 70000, '예약 가능', '2024-05-31 12:44:32', '2024-05-31 12:44:32'),
	('2024-07-11', 1, 70000, '예약 가능', '2024-05-31 12:44:32', '2024-05-31 12:44:32'),
	('2024-07-12', 1, 70000, '예약 가능', '2024-05-31 12:44:32', '2024-05-31 12:44:32'),
	('2024-07-13', 1, 70000, '예약 가능', '2024-05-31 12:44:32', '2024-05-31 12:44:32'),
	('2024-07-14', 1, 70000, '예약 가능', '2024-05-31 12:44:32', '2024-05-31 12:44:32'),
	('2024-07-15', 1, 70000, '예약 가능', '2024-05-31 12:44:32', '2024-05-31 12:44:32'),
	('2024-07-16', 1, 70000, '예약 가능', '2024-05-31 12:44:32', '2024-05-31 12:44:32'),
	('2024-07-17', 1, 70000, '예약 가능', '2024-05-31 12:44:32', '2024-05-31 12:44:32'),
	('2024-07-18', 1, 70000, '예약 가능', '2024-05-31 12:44:32', '2024-05-31 12:44:32'),
	('2024-07-19', 1, 70000, '예약 가능', '2024-05-31 12:44:32', '2024-05-31 12:44:32'),
	('2024-07-20', 1, 70000, '예약 가능', '2024-05-31 12:44:32', '2024-05-31 12:44:32'),
	('2024-07-21', 1, 70000, '예약 가능', '2024-05-31 12:44:32', '2024-05-31 12:44:32'),
	('2024-07-22', 1, 70000, '예약 가능', '2024-05-31 12:44:32', '2024-05-31 12:44:32'),
	('2024-07-23', 1, 70000, '예약 가능', '2024-05-31 12:44:32', '2024-05-31 12:44:32'),
	('2024-07-24', 1, 70000, '예약 가능', '2024-05-31 12:44:32', '2024-05-31 12:44:32'),
	('2024-07-25', 1, 70000, '예약 가능', '2024-05-31 12:44:32', '2024-05-31 12:44:32'),
	('2024-07-26', 1, 70000, '예약 가능', '2024-05-31 12:44:32', '2024-05-31 12:44:32'),
	('2024-07-27', 1, 70000, '예약 가능', '2024-05-31 12:44:32', '2024-05-31 12:44:32'),
	('2024-07-28', 1, 70000, '예약 가능', '2024-05-31 12:44:32', '2024-05-31 12:44:32'),
	('2024-07-29', 1, 70000, '예약 가능', '2024-05-31 12:44:32', '2024-05-31 12:44:32'),
	('2024-07-30', 1, 70000, '예약 가능', '2024-05-31 12:44:32', '2024-05-31 12:44:32'),
	('2024-07-31', 1, 70000, '예약 가능', '2024-05-31 12:44:32', '2024-05-31 12:44:32'),
	('2024-09-01', 1, 100000, '예약 가능', '2024-05-31 12:44:44', '2024-05-31 12:44:44'),
	('2024-09-02', 1, 100000, '예약 가능', '2024-05-31 12:44:44', '2024-05-31 12:44:44'),
	('2024-09-03', 1, 100000, '예약 가능', '2024-05-31 12:44:44', '2024-05-31 12:44:44'),
	('2024-09-04', 1, 100000, '예약 가능', '2024-05-31 12:44:44', '2024-05-31 12:44:44'),
	('2024-09-05', 1, 100000, '예약 가능', '2024-05-31 12:44:44', '2024-05-31 12:44:44'),
	('2024-09-06', 1, 100000, '예약 가능', '2024-05-31 12:44:44', '2024-05-31 12:44:44'),
	('2024-09-07', 1, 100000, '예약 가능', '2024-05-31 12:44:44', '2024-05-31 12:44:44'),
	('2024-09-08', 1, 100000, '예약 가능', '2024-05-31 12:44:44', '2024-05-31 12:44:44'),
	('2024-09-09', 1, 100000, '예약 가능', '2024-05-31 12:44:44', '2024-05-31 12:44:44'),
	('2024-09-10', 1, 100000, '예약 가능', '2024-05-31 12:44:44', '2024-05-31 12:44:44'),
	('2024-09-11', 1, 100000, '예약 가능', '2024-05-31 12:44:44', '2024-05-31 12:44:44'),
	('2024-09-12', 1, 100000, '예약 가능', '2024-05-31 12:44:44', '2024-05-31 12:44:44'),
	('2024-09-13', 1, 100000, '예약 가능', '2024-05-31 12:44:44', '2024-05-31 12:44:44'),
	('2024-09-14', 1, 100000, '예약 가능', '2024-05-31 12:44:44', '2024-05-31 12:44:44'),
	('2024-09-15', 1, 100000, '예약 가능', '2024-05-31 12:44:44', '2024-05-31 12:44:44'),
	('2024-09-16', 1, 100000, '예약 가능', '2024-05-31 12:44:44', '2024-05-31 12:44:44'),
	('2024-09-17', 1, 100000, '예약 가능', '2024-05-31 12:44:44', '2024-05-31 12:44:44'),
	('2024-09-18', 1, 100000, '예약 가능', '2024-05-31 12:44:44', '2024-05-31 12:44:44'),
	('2024-09-19', 1, 100000, '예약 가능', '2024-05-31 12:44:44', '2024-05-31 12:44:44'),
	('2024-09-20', 1, 100000, '예약 가능', '2024-05-31 12:44:45', '2024-05-31 12:44:45'),
	('2024-09-21', 1, 100000, '예약 가능', '2024-05-31 12:44:45', '2024-05-31 12:44:45'),
	('2024-09-22', 1, 100000, '예약 가능', '2024-05-31 12:44:45', '2024-05-31 12:44:45'),
	('2024-09-23', 1, 100000, '예약 가능', '2024-05-31 12:44:45', '2024-05-31 12:44:45'),
	('2024-09-24', 1, 100000, '예약 가능', '2024-05-31 12:44:45', '2024-05-31 12:44:45'),
	('2024-09-25', 1, 100000, '예약 가능', '2024-05-31 12:44:45', '2024-05-31 12:44:45'),
	('2024-09-26', 1, 100000, '예약 가능', '2024-05-31 12:44:45', '2024-05-31 12:44:45'),
	('2024-09-27', 1, 100000, '예약 가능', '2024-05-31 12:44:45', '2024-05-31 12:44:45'),
	('2024-09-28', 1, 100000, '예약 가능', '2024-05-31 12:44:45', '2024-05-31 12:44:45'),
	('2024-09-29', 1, 100000, '예약 가능', '2024-05-31 12:44:45', '2024-05-31 12:44:45'),
	('2024-09-30', 1, 100000, '예약 가능', '2024-05-31 12:44:45', '2024-05-31 12:44:45'),
	('2024-05-01', 2, 50000, '예약 가능', '2024-05-21 13:57:28', '2024-05-21 13:57:28'),
	('2024-05-02', 2, 50000, '예약 가능', '2024-05-21 13:57:28', '2024-05-21 13:57:28'),
	('2024-05-03', 2, 50000, '예약 가능', '2024-05-21 13:57:28', '2024-05-21 13:57:28'),
	('2024-05-04', 2, 50000, '예약 가능', '2024-05-21 13:57:28', '2024-05-21 13:57:28'),
	('2024-05-05', 2, 50000, '예약 가능', '2024-05-09 17:04:18', '2024-05-09 17:04:19'),
	('2024-05-06', 2, 50000, '예약 가능', '2024-05-09 17:05:36', '2024-05-09 17:05:36'),
	('2024-05-07', 2, 50000, '예약 가능', '2024-05-09 16:55:36', '2024-05-09 16:55:36'),
	('2024-05-08', 2, 50000, '예약 가능', '2024-05-09 16:55:36', '2024-05-09 16:55:36'),
	('2024-05-10', 2, 50000, '예약 가능', '2024-05-09 16:55:36', '2024-05-09 16:55:36'),
	('2024-05-11', 2, 50000, '예약 가능', '2024-05-09 16:55:36', '2024-05-09 16:55:36'),
	('2024-05-13', 2, 50000, '예약 가능', '2024-05-21 13:57:28', '2024-05-21 13:57:28'),
	('2024-05-14', 2, 50000, '예약 가능', '2024-05-21 13:57:28', '2024-05-21 13:57:28'),
	('2024-05-15', 2, 50000, '예약 완료', '2024-05-21 13:57:28', '2024-05-21 13:57:28'),
	('2024-05-16', 2, 50000, '예약 완료', '2024-05-21 13:57:28', '2024-05-21 13:57:28'),
	('2024-05-17', 2, 50000, '예약 가능', '2024-05-21 13:57:28', '2024-05-21 13:57:28'),
	('2024-05-18', 2, 50000, '예약 가능', '2024-05-21 13:57:28', '2024-05-21 13:57:28'),
	('2024-05-19', 2, 50000, '예약 가능', '2024-05-21 13:57:28', '2024-05-21 13:57:28'),
	('2024-05-20', 2, 50000, '예약 가능', '2024-05-21 13:57:28', '2024-05-21 13:57:28'),
	('2024-05-21', 2, 50000, '예약 가능', '2024-05-21 13:57:28', '2024-05-21 13:57:28'),
	('2024-05-22', 2, 50000, '예약 가능', '2024-05-21 13:57:28', '2024-05-21 13:57:28'),
	('2024-05-23', 2, 50000, '예약 가능', '2024-05-21 13:57:28', '2024-05-21 13:57:28'),
	('2024-05-24', 2, 50000, '예약 가능', '2024-05-21 13:57:28', '2024-05-21 13:57:28'),
	('2024-05-25', 2, 50000, '예약 가능', '2024-05-21 13:57:28', '2024-05-21 13:57:28'),
	('2024-05-26', 2, 50000, '예약 가능', '2024-05-21 13:57:28', '2024-05-21 13:57:28'),
	('2024-05-27', 2, 50000, '예약 가능', '2024-05-21 13:57:28', '2024-05-21 13:57:28'),
	('2024-05-28', 2, 50000, '예약 가능', '2024-05-21 13:57:28', '2024-05-21 13:57:28'),
	('2024-05-29', 2, 50000, '예약 가능', '2024-05-21 13:57:28', '2024-05-21 13:57:28'),
	('2024-05-30', 2, 50000, '예약 완료', '2024-05-21 13:57:28', '2024-05-21 13:57:28'),
	('2024-05-31', 2, 50000, '예약 완료', '2024-05-21 13:57:28', '2024-05-21 13:57:28'),
	('2024-06-01', 2, 500000, '예약 가능', '2024-05-31 12:42:39', '2024-05-31 12:42:39'),
	('2024-06-02', 2, 50000, '예약 가능', '2024-05-22 21:59:25', '2024-05-22 21:59:25'),
	('2024-06-03', 2, 50000, '예약 가능', '2024-05-22 21:59:25', '2024-05-22 21:59:25'),
	('2024-06-04', 2, 50000, '예약 가능', '2024-05-22 21:59:25', '2024-05-22 21:59:25'),
	('2024-06-05', 2, 50000, '예약 가능', '2024-05-22 21:59:25', '2024-05-22 21:59:25'),
	('2024-06-06', 2, 50000, '예약 가능', '2024-05-22 21:59:25', '2024-05-22 21:59:25'),
	('2024-06-07', 2, 50000, '예약 가능', '2024-05-22 21:59:25', '2024-05-22 21:59:25'),
	('2024-06-08', 2, 50000, '예약 가능', '2024-05-22 21:59:25', '2024-05-22 21:59:25'),
	('2024-06-09', 2, 50000, '예약 가능', '2024-05-22 21:59:25', '2024-05-22 21:59:25'),
	('2024-06-10', 2, 50000, '예약 가능', '2024-05-22 21:59:26', '2024-05-22 21:59:26'),
	('2024-06-11', 2, 50000, '예약 가능', '2024-05-22 21:59:26', '2024-05-22 21:59:26'),
	('2024-06-12', 2, 50000, '예약 가능', '2024-05-22 21:59:26', '2024-05-22 21:59:26'),
	('2024-06-13', 2, 50000, '예약 가능', '2024-05-22 21:59:26', '2024-05-22 21:59:26'),
	('2024-06-14', 2, 50000, '예약 가능', '2024-05-22 21:59:26', '2024-05-22 21:59:26'),
	('2024-06-15', 2, 50000, '예약 가능', '2024-05-22 21:59:26', '2024-05-22 21:59:26'),
	('2024-06-16', 2, 500000, '예약 가능', '2024-05-31 12:42:39', '2024-05-31 12:42:39'),
	('2024-06-17', 2, 500000, '예약 가능', '2024-05-31 12:42:39', '2024-05-31 12:42:39'),
	('2024-06-18', 2, 500000, '예약 가능', '2024-05-31 12:42:39', '2024-05-31 12:42:39'),
	('2024-06-19', 2, 500000, '예약 가능', '2024-05-31 12:42:39', '2024-05-31 12:42:39'),
	('2024-06-20', 2, 500000, '예약 가능', '2024-05-31 12:42:39', '2024-05-31 12:42:39'),
	('2024-06-21', 2, 500000, '예약 가능', '2024-05-31 12:42:39', '2024-05-31 12:42:39'),
	('2024-06-22', 2, 500000, '예약 가능', '2024-05-31 12:42:39', '2024-05-31 12:42:39'),
	('2024-06-23', 2, 500000, '예약 가능', '2024-05-31 12:42:39', '2024-05-31 12:42:39'),
	('2024-06-24', 2, 500000, '예약 가능', '2024-05-31 12:42:39', '2024-05-31 12:42:39'),
	('2024-06-25', 2, 500000, '예약 가능', '2024-05-31 12:42:39', '2024-05-31 12:42:39'),
	('2024-06-26', 2, 500000, '예약 가능', '2024-05-31 12:42:39', '2024-05-31 12:42:39'),
	('2024-06-27', 2, 500000, '예약 가능', '2024-05-31 12:42:39', '2024-05-31 12:42:39'),
	('2024-06-28', 2, 500000, '예약 가능', '2024-05-31 12:42:39', '2024-05-31 12:42:39'),
	('2024-06-29', 2, 500000, '예약 가능', '2024-05-31 12:42:39', '2024-05-31 12:42:39'),
	('2024-06-30', 2, 500000, '예약 가능', '2024-05-31 12:42:39', '2024-05-31 12:42:39'),
	('2024-07-01', 2, 100000, '예약 가능', '2024-05-31 12:44:07', '2024-05-31 12:44:07'),
	('2024-07-02', 2, 100000, '예약 가능', '2024-05-31 12:44:07', '2024-05-31 12:44:07'),
	('2024-07-03', 2, 100000, '예약 가능', '2024-05-31 12:44:07', '2024-05-31 12:44:07'),
	('2024-07-04', 2, 100000, '예약 가능', '2024-05-31 12:44:07', '2024-05-31 12:44:07'),
	('2024-07-05', 2, 100000, '예약 가능', '2024-05-31 12:44:07', '2024-05-31 12:44:07'),
	('2024-07-06', 2, 100000, '예약 가능', '2024-05-31 12:44:07', '2024-05-31 12:44:07'),
	('2024-07-07', 2, 100000, '예약 가능', '2024-05-31 12:44:07', '2024-05-31 12:44:07'),
	('2024-07-08', 2, 100000, '예약 가능', '2024-05-31 12:44:07', '2024-05-31 12:44:07'),
	('2024-07-09', 2, 100000, '예약 가능', '2024-05-31 12:44:07', '2024-05-31 12:44:07'),
	('2024-07-10', 2, 100000, '예약 가능', '2024-05-31 12:44:07', '2024-05-31 12:44:07'),
	('2024-07-11', 2, 100000, '예약 가능', '2024-05-31 12:44:07', '2024-05-31 12:44:07'),
	('2024-07-12', 2, 100000, '예약 가능', '2024-05-31 12:44:07', '2024-05-31 12:44:07'),
	('2024-07-13', 2, 100000, '예약 가능', '2024-05-31 12:44:07', '2024-05-31 12:44:07'),
	('2024-07-14', 2, 100000, '예약 가능', '2024-05-31 12:44:07', '2024-05-31 12:44:07'),
	('2024-07-15', 2, 100000, '예약 가능', '2024-05-31 12:44:07', '2024-05-31 12:44:07'),
	('2024-07-16', 2, 100000, '예약 가능', '2024-05-31 12:44:07', '2024-05-31 12:44:07'),
	('2024-07-17', 2, 100000, '예약 가능', '2024-05-31 12:44:07', '2024-05-31 12:44:07'),
	('2024-07-18', 2, 100000, '예약 가능', '2024-05-31 12:44:07', '2024-05-31 12:44:07'),
	('2024-07-19', 2, 100000, '예약 가능', '2024-05-31 12:44:07', '2024-05-31 12:44:07'),
	('2024-07-20', 2, 100000, '예약 가능', '2024-05-31 12:44:07', '2024-05-31 12:44:07'),
	('2024-07-21', 2, 100000, '예약 가능', '2024-05-31 12:44:07', '2024-05-31 12:44:07'),
	('2024-07-22', 2, 100000, '예약 가능', '2024-05-31 12:44:07', '2024-05-31 12:44:07'),
	('2024-07-23', 2, 100000, '예약 가능', '2024-05-31 12:44:07', '2024-05-31 12:44:07'),
	('2024-07-24', 2, 100000, '예약 가능', '2024-05-31 12:44:07', '2024-05-31 12:44:07'),
	('2024-07-25', 2, 100000, '예약 가능', '2024-05-31 12:44:07', '2024-05-31 12:44:07'),
	('2024-07-26', 2, 100000, '예약 가능', '2024-05-31 12:44:07', '2024-05-31 12:44:07'),
	('2024-07-27', 2, 100000, '예약 가능', '2024-05-31 12:44:07', '2024-05-31 12:44:07'),
	('2024-07-28', 2, 100000, '예약 가능', '2024-05-31 12:44:07', '2024-05-31 12:44:07'),
	('2024-07-29', 2, 100000, '예약 가능', '2024-05-31 12:44:07', '2024-05-31 12:44:07'),
	('2024-07-30', 2, 100000, '예약 가능', '2024-05-31 12:44:07', '2024-05-31 12:44:07'),
	('2024-07-31', 2, 100000, '예약 가능', '2024-05-31 12:44:07', '2024-05-31 12:44:07'),
	('2024-06-01', 12, 50000, '예약 가능', '2024-05-31 12:41:49', '2024-05-31 12:41:49'),
	('2024-06-02', 12, 50000, '예약 가능', '2024-05-31 12:41:49', '2024-05-31 12:41:49'),
	('2024-06-03', 12, 50000, '예약 가능', '2024-05-31 12:41:49', '2024-05-31 12:41:49'),
	('2024-06-04', 12, 50000, '예약 가능', '2024-05-31 12:41:49', '2024-05-31 12:41:49'),
	('2024-06-05', 12, 50000, '예약 가능', '2024-05-31 12:41:49', '2024-05-31 12:41:49'),
	('2024-06-06', 12, 50000, '예약 가능', '2024-05-31 12:41:49', '2024-05-31 12:41:49'),
	('2024-06-07', 12, 50000, '예약 가능', '2024-05-31 12:41:50', '2024-05-31 12:41:50'),
	('2024-06-08', 12, 50000, '예약 가능', '2024-05-31 12:41:50', '2024-05-31 12:41:50'),
	('2024-06-09', 12, 50000, '예약 가능', '2024-05-31 12:41:50', '2024-05-31 12:41:50'),
	('2024-06-10', 12, 50000, '예약 가능', '2024-05-31 12:41:50', '2024-05-31 12:41:50'),
	('2024-06-11', 12, 50000, '예약 가능', '2024-05-31 12:41:50', '2024-05-31 12:41:50'),
	('2024-06-12', 12, 50000, '예약 가능', '2024-05-31 12:41:50', '2024-05-31 12:41:50'),
	('2024-06-13', 12, 50000, '예약 가능', '2024-05-31 12:41:50', '2024-05-31 12:41:50'),
	('2024-06-14', 12, 50000, '예약 가능', '2024-05-31 12:41:50', '2024-05-31 12:41:50'),
	('2024-06-15', 12, 50000, '예약 가능', '2024-05-31 12:41:50', '2024-05-31 12:41:50'),
	('2024-06-16', 12, 50000, '예약 가능', '2024-05-31 12:41:50', '2024-05-31 12:41:50'),
	('2024-06-17', 12, 50000, '예약 가능', '2024-05-31 12:41:50', '2024-05-31 12:41:50'),
	('2024-06-18', 12, 50000, '예약 가능', '2024-05-31 12:41:50', '2024-05-31 12:41:50'),
	('2024-06-19', 12, 50000, '예약 가능', '2024-05-31 12:41:50', '2024-05-31 12:41:50'),
	('2024-06-20', 12, 50000, '예약 가능', '2024-05-31 12:41:50', '2024-05-31 12:41:50'),
	('2024-06-21', 12, 50000, '예약 가능', '2024-05-31 12:41:50', '2024-05-31 12:41:50'),
	('2024-06-22', 12, 50000, '예약 가능', '2024-05-31 12:41:50', '2024-05-31 12:41:50'),
	('2024-06-23', 12, 50000, '예약 가능', '2024-05-31 12:41:50', '2024-05-31 12:41:50'),
	('2024-06-24', 12, 50000, '예약 가능', '2024-05-31 12:41:50', '2024-05-31 12:41:50'),
	('2024-06-25', 12, 50000, '예약 가능', '2024-05-31 12:41:50', '2024-05-31 12:41:50'),
	('2024-06-26', 12, 50000, '예약 가능', '2024-05-31 12:41:50', '2024-05-31 12:41:50'),
	('2024-06-27', 12, 50000, '예약 가능', '2024-05-31 12:41:50', '2024-05-31 12:41:50'),
	('2024-06-28', 12, 50000, '예약 가능', '2024-05-31 12:41:50', '2024-05-31 12:41:50'),
	('2024-06-29', 12, 50000, '예약 가능', '2024-05-31 12:41:50', '2024-05-31 12:41:50'),
	('2024-06-30', 12, 50000, '예약 가능', '2024-05-31 12:41:50', '2024-05-31 12:41:50'),
	('2024-07-01', 12, 100000, '예약 가능', '2024-05-31 12:41:59', '2024-05-31 12:41:59'),
	('2024-07-02', 12, 100000, '예약 가능', '2024-05-31 12:41:59', '2024-05-31 12:41:59'),
	('2024-07-03', 12, 100000, '예약 가능', '2024-05-31 12:41:59', '2024-05-31 12:41:59'),
	('2024-07-04', 12, 100000, '예약 가능', '2024-05-31 12:41:59', '2024-05-31 12:41:59'),
	('2024-07-05', 12, 100000, '예약 가능', '2024-05-31 12:41:59', '2024-05-31 12:41:59'),
	('2024-07-06', 12, 100000, '예약 가능', '2024-05-31 12:41:59', '2024-05-31 12:41:59'),
	('2024-07-07', 12, 100000, '예약 가능', '2024-05-31 12:41:59', '2024-05-31 12:41:59'),
	('2024-07-08', 12, 100000, '예약 가능', '2024-05-31 12:41:59', '2024-05-31 12:41:59'),
	('2024-07-09', 12, 100000, '예약 가능', '2024-05-31 12:41:59', '2024-05-31 12:41:59'),
	('2024-07-10', 12, 100000, '예약 가능', '2024-05-31 12:41:59', '2024-05-31 12:41:59'),
	('2024-07-11', 12, 100000, '예약 가능', '2024-05-31 12:41:59', '2024-05-31 12:41:59'),
	('2024-07-12', 12, 100000, '예약 가능', '2024-05-31 12:41:59', '2024-05-31 12:41:59'),
	('2024-07-13', 12, 100000, '예약 가능', '2024-05-31 12:41:59', '2024-05-31 12:41:59'),
	('2024-07-14', 12, 100000, '예약 가능', '2024-05-31 12:41:59', '2024-05-31 12:41:59'),
	('2024-07-15', 12, 100000, '예약 가능', '2024-05-31 12:41:59', '2024-05-31 12:41:59'),
	('2024-07-16', 12, 100000, '예약 가능', '2024-05-31 12:41:59', '2024-05-31 12:41:59'),
	('2024-07-17', 12, 100000, '예약 가능', '2024-05-31 12:41:59', '2024-05-31 12:41:59'),
	('2024-07-18', 12, 100000, '예약 가능', '2024-05-31 12:41:59', '2024-05-31 12:41:59'),
	('2024-07-19', 12, 100000, '예약 가능', '2024-05-31 12:41:59', '2024-05-31 12:41:59'),
	('2024-07-20', 12, 100000, '예약 가능', '2024-05-31 12:41:59', '2024-05-31 12:41:59'),
	('2024-07-21', 12, 100000, '예약 가능', '2024-05-31 12:41:59', '2024-05-31 12:41:59'),
	('2024-07-22', 12, 100000, '예약 가능', '2024-05-31 12:41:59', '2024-05-31 12:41:59'),
	('2024-07-23', 12, 100000, '예약 가능', '2024-05-31 12:41:59', '2024-05-31 12:41:59'),
	('2024-07-24', 12, 100000, '예약 가능', '2024-05-31 12:41:59', '2024-05-31 12:41:59'),
	('2024-07-25', 12, 100000, '예약 가능', '2024-05-31 12:41:59', '2024-05-31 12:41:59'),
	('2024-07-26', 12, 100000, '예약 가능', '2024-05-31 12:41:59', '2024-05-31 12:41:59'),
	('2024-07-27', 12, 100000, '예약 가능', '2024-05-31 12:41:59', '2024-05-31 12:41:59'),
	('2024-07-28', 12, 100000, '예약 가능', '2024-05-31 12:41:59', '2024-05-31 12:41:59'),
	('2024-07-29', 12, 100000, '예약 가능', '2024-05-31 12:41:59', '2024-05-31 12:41:59'),
	('2024-07-30', 12, 100000, '예약 가능', '2024-05-31 12:42:00', '2024-05-31 12:42:00'),
	('2024-07-31', 12, 100000, '예약 가능', '2024-05-31 12:42:00', '2024-05-31 12:42:00'),
	('2024-08-01', 12, 100000, '예약 가능', '2024-05-31 12:42:11', '2024-05-31 12:42:11'),
	('2024-08-02', 12, 100000, '예약 가능', '2024-05-31 12:42:11', '2024-05-31 12:42:11'),
	('2024-08-03', 12, 100000, '예약 가능', '2024-05-31 12:42:11', '2024-05-31 12:42:11'),
	('2024-08-04', 12, 100000, '예약 가능', '2024-05-31 12:42:11', '2024-05-31 12:42:11'),
	('2024-08-05', 12, 100000, '예약 가능', '2024-05-31 12:42:11', '2024-05-31 12:42:11'),
	('2024-08-06', 12, 100000, '예약 가능', '2024-05-31 12:42:11', '2024-05-31 12:42:11'),
	('2024-08-07', 12, 100000, '예약 가능', '2024-05-31 12:42:11', '2024-05-31 12:42:11'),
	('2024-08-08', 12, 100000, '예약 가능', '2024-05-31 12:42:11', '2024-05-31 12:42:11'),
	('2024-08-09', 12, 100000, '예약 가능', '2024-05-31 12:42:11', '2024-05-31 12:42:11'),
	('2024-08-10', 12, 100000, '예약 가능', '2024-05-31 12:42:11', '2024-05-31 12:42:11'),
	('2024-08-11', 12, 100000, '예약 가능', '2024-05-31 12:42:11', '2024-05-31 12:42:11'),
	('2024-08-12', 12, 100000, '예약 가능', '2024-05-31 12:42:11', '2024-05-31 12:42:11'),
	('2024-08-13', 12, 100000, '예약 가능', '2024-05-31 12:42:11', '2024-05-31 12:42:11'),
	('2024-08-14', 12, 100000, '예약 가능', '2024-05-31 12:42:11', '2024-05-31 12:42:11'),
	('2024-08-15', 12, 100000, '예약 가능', '2024-05-31 12:42:11', '2024-05-31 12:42:11'),
	('2024-08-16', 12, 100000, '예약 가능', '2024-05-31 12:42:11', '2024-05-31 12:42:11'),
	('2024-08-17', 12, 100000, '예약 가능', '2024-05-31 12:42:11', '2024-05-31 12:42:11'),
	('2024-08-18', 12, 100000, '예약 가능', '2024-05-31 12:42:11', '2024-05-31 12:42:11'),
	('2024-08-19', 12, 100000, '예약 가능', '2024-05-31 12:42:11', '2024-05-31 12:42:11'),
	('2024-08-20', 12, 100000, '예약 가능', '2024-05-31 12:42:11', '2024-05-31 12:42:11'),
	('2024-08-21', 12, 100000, '예약 가능', '2024-05-31 12:42:11', '2024-05-31 12:42:11'),
	('2024-08-22', 12, 100000, '예약 가능', '2024-05-31 12:42:11', '2024-05-31 12:42:11'),
	('2024-08-23', 12, 100000, '예약 가능', '2024-05-31 12:42:11', '2024-05-31 12:42:11'),
	('2024-08-24', 12, 100000, '예약 가능', '2024-05-31 12:42:11', '2024-05-31 12:42:11'),
	('2024-08-25', 12, 100000, '예약 가능', '2024-05-31 12:42:11', '2024-05-31 12:42:11'),
	('2024-08-26', 12, 100000, '예약 가능', '2024-05-31 12:42:11', '2024-05-31 12:42:11'),
	('2024-08-27', 12, 100000, '예약 가능', '2024-05-31 12:42:11', '2024-05-31 12:42:11'),
	('2024-08-28', 12, 100000, '예약 가능', '2024-05-31 12:42:11', '2024-05-31 12:42:11'),
	('2024-08-29', 12, 100000, '예약 가능', '2024-05-31 12:42:11', '2024-05-31 12:42:11'),
	('2024-08-30', 12, 100000, '예약 가능', '2024-05-31 12:42:11', '2024-05-31 12:42:11'),
	('2024-08-31', 12, 100000, '예약 가능', '2024-05-31 12:42:11', '2024-05-31 12:42:11'),
	('2024-06-01', 14, 150000, '예약 가능', '2024-05-29 17:43:52', '2024-05-29 17:43:52'),
	('2024-06-02', 14, 150000, '예약 가능', '2024-05-29 17:43:52', '2024-05-29 17:43:52'),
	('2024-06-03', 14, 150000, '예약 가능', '2024-05-29 17:43:52', '2024-05-29 17:43:52'),
	('2024-06-04', 14, 150000, '예약 가능', '2024-05-29 17:43:52', '2024-05-29 17:43:52'),
	('2024-06-05', 14, 150000, '예약 가능', '2024-05-29 17:43:52', '2024-05-29 17:43:52'),
	('2024-06-06', 14, 150000, '예약 가능', '2024-05-29 17:43:52', '2024-05-29 17:43:52'),
	('2024-06-07', 14, 150000, '예약 가능', '2024-05-29 17:43:52', '2024-05-29 17:43:52'),
	('2024-06-08', 14, 150000, '예약 가능', '2024-05-29 17:43:52', '2024-05-29 17:43:52'),
	('2024-06-09', 14, 150000, '예약 가능', '2024-05-29 17:43:52', '2024-05-29 17:43:52'),
	('2024-06-10', 14, 150000, '예약 가능', '2024-05-29 17:43:52', '2024-05-29 17:43:52'),
	('2024-06-11', 14, 150000, '예약 가능', '2024-05-29 17:43:52', '2024-05-29 17:43:52'),
	('2024-06-12', 14, 150000, '예약 가능', '2024-05-29 17:43:52', '2024-05-29 17:43:52'),
	('2024-06-13', 14, 150000, '예약 가능', '2024-05-29 17:43:52', '2024-05-29 17:43:52'),
	('2024-06-14', 14, 150000, '예약 가능', '2024-05-29 17:43:52', '2024-05-29 17:43:52'),
	('2024-06-15', 14, 150000, '예약 가능', '2024-05-29 17:43:52', '2024-05-29 17:43:52'),
	('2024-06-16', 14, 150000, '예약 가능', '2024-05-29 17:43:52', '2024-05-29 17:43:52'),
	('2024-06-17', 14, 150000, '예약 가능', '2024-05-29 17:43:52', '2024-05-29 17:43:52'),
	('2024-06-18', 14, 150000, '예약 가능', '2024-05-29 17:43:52', '2024-05-29 17:43:52'),
	('2024-06-19', 14, 150000, '예약 가능', '2024-05-29 17:43:52', '2024-05-29 17:43:52'),
	('2024-06-20', 14, 150000, '예약 가능', '2024-05-29 17:43:52', '2024-05-29 17:43:52'),
	('2024-06-21', 14, 150000, '예약 가능', '2024-05-29 17:43:52', '2024-05-29 17:43:52'),
	('2024-06-22', 14, 150000, '예약 가능', '2024-05-29 17:43:52', '2024-05-29 17:43:52'),
	('2024-06-23', 14, 150000, '예약 가능', '2024-05-29 17:43:52', '2024-05-29 17:43:52'),
	('2024-06-24', 14, 150000, '예약 가능', '2024-05-29 17:43:52', '2024-05-29 17:43:52'),
	('2024-06-25', 14, 150000, '예약 가능', '2024-05-29 17:43:52', '2024-05-29 17:43:52'),
	('2024-06-26', 14, 150000, '예약 가능', '2024-05-29 17:43:52', '2024-05-29 17:43:52'),
	('2024-06-27', 14, 150000, '예약 가능', '2024-05-29 17:43:52', '2024-05-29 17:43:52'),
	('2024-06-28', 14, 150000, '예약 가능', '2024-05-29 17:43:52', '2024-05-29 17:43:52'),
	('2024-06-29', 14, 150000, '예약 가능', '2024-05-29 17:43:52', '2024-05-29 17:43:52'),
	('2024-06-30', 14, 150000, '예약 가능', '2024-05-29 17:43:52', '2024-05-29 17:43:52'),
	('2024-07-01', 14, 200000, '예약 가능', '2024-05-29 17:44:00', '2024-05-29 17:44:00'),
	('2024-07-02', 14, 200000, '예약 가능', '2024-05-29 17:44:00', '2024-05-29 17:44:00'),
	('2024-07-03', 14, 200000, '예약 가능', '2024-05-29 17:44:00', '2024-05-29 17:44:00'),
	('2024-07-04', 14, 200000, '예약 가능', '2024-05-29 17:44:00', '2024-05-29 17:44:00'),
	('2024-07-05', 14, 200000, '예약 가능', '2024-05-29 17:44:00', '2024-05-29 17:44:00'),
	('2024-07-06', 14, 200000, '예약 가능', '2024-05-29 17:44:00', '2024-05-29 17:44:00'),
	('2024-07-07', 14, 200000, '예약 가능', '2024-05-29 17:44:00', '2024-05-29 17:44:00'),
	('2024-07-08', 14, 200000, '예약 가능', '2024-05-29 17:44:01', '2024-05-29 17:44:01'),
	('2024-07-09', 14, 200000, '예약 가능', '2024-05-29 17:44:01', '2024-05-29 17:44:01'),
	('2024-07-10', 14, 200000, '예약 가능', '2024-05-29 17:44:01', '2024-05-29 17:44:01'),
	('2024-07-11', 14, 200000, '예약 가능', '2024-05-29 17:44:01', '2024-05-29 17:44:01'),
	('2024-07-12', 14, 200000, '예약 가능', '2024-05-29 17:44:01', '2024-05-29 17:44:01'),
	('2024-07-13', 14, 200000, '예약 가능', '2024-05-29 17:44:01', '2024-05-29 17:44:01'),
	('2024-07-14', 14, 200000, '예약 가능', '2024-05-29 17:44:01', '2024-05-29 17:44:01'),
	('2024-07-15', 14, 200000, '예약 가능', '2024-05-29 17:44:01', '2024-05-29 17:44:01'),
	('2024-07-16', 14, 200000, '예약 가능', '2024-05-29 17:44:01', '2024-05-29 17:44:01'),
	('2024-07-17', 14, 200000, '예약 가능', '2024-05-29 17:44:01', '2024-05-29 17:44:01'),
	('2024-07-18', 14, 200000, '예약 가능', '2024-05-29 17:44:01', '2024-05-29 17:44:01'),
	('2024-07-19', 14, 200000, '예약 가능', '2024-05-29 17:44:01', '2024-05-29 17:44:01'),
	('2024-07-20', 14, 200000, '예약 가능', '2024-05-29 17:44:01', '2024-05-29 17:44:01'),
	('2024-07-21', 14, 200000, '예약 가능', '2024-05-29 17:44:01', '2024-05-29 17:44:01'),
	('2024-07-22', 14, 200000, '예약 가능', '2024-05-29 17:44:01', '2024-05-29 17:44:01'),
	('2024-07-23', 14, 200000, '예약 가능', '2024-05-29 17:44:01', '2024-05-29 17:44:01'),
	('2024-07-24', 14, 200000, '예약 가능', '2024-05-29 17:44:01', '2024-05-29 17:44:01'),
	('2024-07-25', 14, 200000, '예약 가능', '2024-05-29 17:44:01', '2024-05-29 17:44:01'),
	('2024-07-26', 14, 200000, '예약 가능', '2024-05-29 17:44:01', '2024-05-29 17:44:01'),
	('2024-07-27', 14, 200000, '예약 가능', '2024-05-29 17:44:01', '2024-05-29 17:44:01'),
	('2024-07-28', 14, 200000, '예약 가능', '2024-05-29 17:44:01', '2024-05-29 17:44:01'),
	('2024-07-29', 14, 200000, '예약 가능', '2024-05-29 17:44:01', '2024-05-29 17:44:01'),
	('2024-07-30', 14, 200000, '예약 가능', '2024-05-29 17:44:01', '2024-05-29 17:44:01'),
	('2024-07-31', 14, 200000, '예약 가능', '2024-05-29 17:44:01', '2024-05-29 17:44:01'),
	('2024-08-01', 14, 200000, '예약 가능', '2024-05-29 17:44:10', '2024-05-29 17:44:10'),
	('2024-08-02', 14, 200000, '예약 가능', '2024-05-29 17:44:11', '2024-05-29 17:44:11'),
	('2024-08-03', 14, 200000, '예약 가능', '2024-05-29 17:44:11', '2024-05-29 17:44:11'),
	('2024-08-04', 14, 200000, '예약 가능', '2024-05-29 17:44:11', '2024-05-29 17:44:11'),
	('2024-08-05', 14, 200000, '예약 가능', '2024-05-29 17:44:11', '2024-05-29 17:44:11'),
	('2024-08-06', 14, 200000, '예약 가능', '2024-05-29 17:44:11', '2024-05-29 17:44:11'),
	('2024-08-07', 14, 200000, '예약 가능', '2024-05-29 17:44:11', '2024-05-29 17:44:11'),
	('2024-08-08', 14, 200000, '예약 가능', '2024-05-29 17:44:11', '2024-05-29 17:44:11'),
	('2024-08-09', 14, 200000, '예약 가능', '2024-05-29 17:44:11', '2024-05-29 17:44:11'),
	('2024-08-10', 14, 200000, '예약 가능', '2024-05-29 17:44:11', '2024-05-29 17:44:11'),
	('2024-08-11', 14, 200000, '예약 가능', '2024-05-29 17:44:11', '2024-05-29 17:44:11'),
	('2024-08-12', 14, 200000, '예약 가능', '2024-05-29 17:44:11', '2024-05-29 17:44:11'),
	('2024-08-13', 14, 200000, '예약 가능', '2024-05-29 17:44:11', '2024-05-29 17:44:11'),
	('2024-08-14', 14, 200000, '예약 가능', '2024-05-29 17:44:11', '2024-05-29 17:44:11'),
	('2024-08-15', 14, 200000, '예약 가능', '2024-05-29 17:44:11', '2024-05-29 17:44:11'),
	('2024-08-16', 14, 200000, '예약 가능', '2024-05-29 17:44:11', '2024-05-29 17:44:11'),
	('2024-08-17', 14, 200000, '예약 가능', '2024-05-29 17:44:11', '2024-05-29 17:44:11'),
	('2024-08-18', 14, 200000, '예약 가능', '2024-05-29 17:44:11', '2024-05-29 17:44:11'),
	('2024-08-19', 14, 200000, '예약 가능', '2024-05-29 17:44:11', '2024-05-29 17:44:11'),
	('2024-08-20', 14, 200000, '예약 가능', '2024-05-29 17:44:11', '2024-05-29 17:44:11'),
	('2024-08-21', 14, 200000, '예약 가능', '2024-05-29 17:44:11', '2024-05-29 17:44:11'),
	('2024-08-22', 14, 200000, '예약 가능', '2024-05-29 17:44:11', '2024-05-29 17:44:11'),
	('2024-08-23', 14, 200000, '예약 가능', '2024-05-29 17:44:11', '2024-05-29 17:44:11'),
	('2024-08-24', 14, 200000, '예약 가능', '2024-05-29 17:44:11', '2024-05-29 17:44:11'),
	('2024-08-25', 14, 200000, '예약 가능', '2024-05-29 17:44:11', '2024-05-29 17:44:11'),
	('2024-08-26', 14, 200000, '예약 가능', '2024-05-29 17:44:11', '2024-05-29 17:44:11'),
	('2024-08-27', 14, 200000, '예약 가능', '2024-05-29 17:44:11', '2024-05-29 17:44:11'),
	('2024-08-28', 14, 200000, '예약 가능', '2024-05-29 17:44:11', '2024-05-29 17:44:11'),
	('2024-08-29', 14, 200000, '예약 가능', '2024-05-29 17:44:11', '2024-05-29 17:44:11'),
	('2024-08-30', 14, 200000, '예약 가능', '2024-05-29 17:44:11', '2024-05-29 17:44:11'),
	('2024-08-31', 14, 200000, '예약 가능', '2024-05-29 17:44:11', '2024-05-29 17:44:11'),
	('2024-06-05', 15, 200000, '예약 가능', '2024-05-29 17:39:42', '2024-05-29 17:39:42'),
	('2024-06-06', 15, 200000, '예약 완료', '2024-05-29 17:39:42', '2024-05-29 17:39:42'),
	('2024-06-07', 15, 200000, '예약 가능', '2024-05-29 17:39:42', '2024-05-29 17:39:42'),
	('2024-06-08', 15, 200000, '예약 가능', '2024-05-29 17:39:42', '2024-05-29 17:39:42'),
	('2024-06-09', 15, 200000, '예약 가능', '2024-05-29 17:39:42', '2024-05-29 17:39:42'),
	('2024-06-10', 15, 200000, '예약 가능', '2024-05-29 17:39:42', '2024-05-29 17:39:42'),
	('2024-06-11', 15, 200000, '예약 가능', '2024-05-29 17:39:42', '2024-05-29 17:39:42'),
	('2024-06-12', 15, 200000, '예약 가능', '2024-05-29 17:39:42', '2024-05-29 17:39:42'),
	('2024-06-13', 15, 200000, '예약 가능', '2024-05-29 17:39:42', '2024-05-29 17:39:42'),
	('2024-06-14', 15, 200000, '예약 가능', '2024-05-29 17:39:42', '2024-05-29 17:39:42'),
	('2024-06-15', 15, 200000, '예약 가능', '2024-05-29 17:39:42', '2024-05-29 17:39:42'),
	('2024-06-16', 15, 200000, '예약 가능', '2024-05-29 17:39:42', '2024-05-29 17:39:42'),
	('2024-06-17', 15, 200000, '예약 가능', '2024-05-29 17:39:42', '2024-05-29 17:39:42'),
	('2024-06-18', 15, 200000, '예약 완료', '2024-05-29 17:39:42', '2024-05-29 17:39:42'),
	('2024-06-19', 15, 200000, '예약 가능', '2024-05-29 17:39:42', '2024-05-29 17:39:42'),
	('2024-06-20', 15, 200000, '예약 완료', '2024-05-29 17:39:42', '2024-05-29 17:39:42'),
	('2024-06-21', 15, 200000, '예약 가능', '2024-05-29 17:39:42', '2024-05-29 17:39:42'),
	('2024-06-22', 15, 200000, '예약 가능', '2024-05-29 17:42:31', '2024-05-29 17:42:31'),
	('2024-06-23', 15, 200000, '예약 가능', '2024-05-29 17:42:31', '2024-05-29 17:42:31'),
	('2024-06-24', 15, 200000, '예약 가능', '2024-05-29 17:42:31', '2024-05-29 17:42:31'),
	('2024-06-25', 15, 200000, '예약 가능', '2024-05-29 17:42:31', '2024-05-29 17:42:31'),
	('2024-06-26', 15, 200000, '예약 가능', '2024-05-29 17:42:31', '2024-05-29 17:42:31'),
	('2024-06-27', 15, 200000, '예약 가능', '2024-05-29 17:42:31', '2024-05-29 17:42:31'),
	('2024-06-28', 15, 200000, '예약 가능', '2024-05-29 17:42:31', '2024-05-29 17:42:31'),
	('2024-06-29', 15, 200000, '예약 가능', '2024-05-29 17:42:31', '2024-05-29 17:42:31'),
	('2024-06-30', 15, 200000, '예약 가능', '2024-05-29 17:42:32', '2024-05-29 17:42:32'),
	('2024-07-01', 15, 250000, '예약 가능', '2024-05-29 17:43:34', '2024-05-29 17:43:34'),
	('2024-07-02', 15, 250000, '예약 가능', '2024-05-29 17:43:34', '2024-05-29 17:43:34'),
	('2024-07-03', 15, 250000, '예약 가능', '2024-05-29 17:43:34', '2024-05-29 17:43:34'),
	('2024-07-04', 15, 250000, '예약 가능', '2024-05-29 17:43:34', '2024-05-29 17:43:34'),
	('2024-07-05', 15, 250000, '예약 가능', '2024-05-29 17:43:34', '2024-05-29 17:43:34'),
	('2024-07-06', 15, 250000, '예약 가능', '2024-05-29 17:43:34', '2024-05-29 17:43:34'),
	('2024-07-07', 15, 250000, '예약 가능', '2024-05-29 17:43:34', '2024-05-29 17:43:34'),
	('2024-07-08', 15, 250000, '예약 가능', '2024-05-29 17:43:34', '2024-05-29 17:43:34'),
	('2024-07-09', 15, 250000, '예약 가능', '2024-05-29 17:43:34', '2024-05-29 17:43:34'),
	('2024-07-10', 15, 250000, '예약 가능', '2024-05-29 17:43:34', '2024-05-29 17:43:34'),
	('2024-07-11', 15, 250000, '예약 가능', '2024-05-29 17:43:34', '2024-05-29 17:43:34'),
	('2024-07-12', 15, 250000, '예약 가능', '2024-05-29 17:43:34', '2024-05-29 17:43:34'),
	('2024-07-13', 15, 250000, '예약 가능', '2024-05-29 17:43:34', '2024-05-29 17:43:34'),
	('2024-07-14', 15, 250000, '예약 가능', '2024-05-29 17:43:34', '2024-05-29 17:43:34'),
	('2024-07-15', 15, 250000, '예약 가능', '2024-05-29 17:43:34', '2024-05-29 17:43:34'),
	('2024-07-16', 15, 250000, '예약 가능', '2024-05-29 17:43:34', '2024-05-29 17:43:34'),
	('2024-07-17', 15, 250000, '예약 가능', '2024-05-29 17:43:34', '2024-05-29 17:43:34'),
	('2024-07-18', 15, 250000, '예약 가능', '2024-05-29 17:43:35', '2024-05-29 17:43:35'),
	('2024-07-19', 15, 250000, '예약 가능', '2024-05-29 17:43:35', '2024-05-29 17:43:35'),
	('2024-07-20', 15, 250000, '예약 가능', '2024-05-29 17:43:35', '2024-05-29 17:43:35'),
	('2024-07-21', 15, 250000, '예약 가능', '2024-05-29 17:43:35', '2024-05-29 17:43:35'),
	('2024-07-22', 15, 250000, '예약 가능', '2024-05-29 17:43:35', '2024-05-29 17:43:35'),
	('2024-07-23', 15, 250000, '예약 가능', '2024-05-29 17:43:35', '2024-05-29 17:43:35'),
	('2024-07-24', 15, 250000, '예약 가능', '2024-05-29 17:43:35', '2024-05-29 17:43:35'),
	('2024-07-25', 15, 250000, '예약 가능', '2024-05-29 17:43:35', '2024-05-29 17:43:35'),
	('2024-07-26', 15, 250000, '예약 가능', '2024-05-29 17:43:35', '2024-05-29 17:43:35'),
	('2024-07-27', 15, 250000, '예약 가능', '2024-05-29 17:43:35', '2024-05-29 17:43:35'),
	('2024-07-28', 15, 250000, '예약 가능', '2024-05-29 17:43:35', '2024-05-29 17:43:35'),
	('2024-07-29', 15, 250000, '예약 가능', '2024-05-29 17:43:35', '2024-05-29 17:43:35'),
	('2024-07-30', 15, 250000, '예약 가능', '2024-05-29 17:43:35', '2024-05-29 17:43:35'),
	('2024-07-31', 15, 250000, '예약 가능', '2024-05-29 17:43:35', '2024-05-29 17:43:35'),
	('2024-08-01', 15, 200000, '예약 가능', '2024-05-31 00:16:32', '2024-05-31 00:16:32'),
	('2024-08-02', 15, 200000, '예약 가능', '2024-05-31 00:16:32', '2024-05-31 00:16:32'),
	('2024-08-03', 15, 200000, '예약 가능', '2024-05-31 00:16:32', '2024-05-31 00:16:32'),
	('2024-08-04', 15, 200000, '예약 가능', '2024-05-31 00:16:32', '2024-05-31 00:16:32'),
	('2024-08-05', 15, 200000, '예약 가능', '2024-05-31 00:16:32', '2024-05-31 00:16:32'),
	('2024-08-06', 15, 200000, '예약 가능', '2024-05-31 00:16:32', '2024-05-31 00:16:32'),
	('2024-08-07', 15, 200000, '예약 가능', '2024-05-31 00:16:32', '2024-05-31 00:16:32'),
	('2024-08-08', 15, 200000, '예약 가능', '2024-05-31 00:16:32', '2024-05-31 00:16:32'),
	('2024-08-09', 15, 200000, '예약 가능', '2024-05-31 00:16:32', '2024-05-31 00:16:32'),
	('2024-08-10', 15, 200000, '예약 가능', '2024-05-31 00:16:32', '2024-05-31 00:16:32'),
	('2024-08-11', 15, 200000, '예약 가능', '2024-05-31 00:16:32', '2024-05-31 00:16:32'),
	('2024-08-12', 15, 200000, '예약 가능', '2024-05-31 00:16:32', '2024-05-31 00:16:32'),
	('2024-08-13', 15, 200000, '예약 가능', '2024-05-31 00:16:32', '2024-05-31 00:16:32'),
	('2024-08-14', 15, 200000, '예약 가능', '2024-05-31 00:16:32', '2024-05-31 00:16:32'),
	('2024-08-15', 15, 200000, '예약 가능', '2024-05-31 00:16:32', '2024-05-31 00:16:32'),
	('2024-08-16', 15, 200000, '예약 가능', '2024-05-31 00:16:32', '2024-05-31 00:16:32'),
	('2024-08-17', 15, 200000, '예약 가능', '2024-05-31 00:16:32', '2024-05-31 00:16:32'),
	('2024-08-18', 15, 200000, '예약 가능', '2024-05-31 00:16:32', '2024-05-31 00:16:32'),
	('2024-08-19', 15, 200000, '예약 가능', '2024-05-31 00:16:32', '2024-05-31 00:16:32'),
	('2024-08-20', 15, 200000, '예약 가능', '2024-05-31 00:16:32', '2024-05-31 00:16:32'),
	('2024-08-21', 15, 200000, '예약 가능', '2024-05-31 00:16:32', '2024-05-31 00:16:32'),
	('2024-08-22', 15, 200000, '예약 가능', '2024-05-31 00:16:32', '2024-05-31 00:16:32'),
	('2024-08-23', 15, 200000, '예약 가능', '2024-05-31 00:16:32', '2024-05-31 00:16:32'),
	('2024-08-24', 15, 200000, '예약 가능', '2024-05-31 00:16:32', '2024-05-31 00:16:32'),
	('2024-08-25', 15, 200000, '예약 가능', '2024-05-31 00:16:32', '2024-05-31 00:16:32'),
	('2024-08-26', 15, 200000, '예약 가능', '2024-05-31 00:16:32', '2024-05-31 00:16:32'),
	('2024-08-27', 15, 200000, '예약 가능', '2024-05-31 00:16:32', '2024-05-31 00:16:32'),
	('2024-08-28', 15, 200000, '예약 가능', '2024-05-31 00:16:32', '2024-05-31 00:16:32'),
	('2024-08-29', 15, 200000, '예약 가능', '2024-05-31 00:16:32', '2024-05-31 00:16:32'),
	('2024-08-30', 15, 200000, '예약 가능', '2024-05-31 00:16:32', '2024-05-31 00:16:32'),
	('2024-08-31', 15, 200000, '예약 가능', '2024-05-31 00:16:32', '2024-05-31 00:16:32'),
	('2024-07-17', 16, 300000, '예약 가능', '2024-05-29 17:44:48', '2024-05-29 17:44:48'),
	('2024-07-18', 16, 300000, '예약 가능', '2024-05-29 17:44:48', '2024-05-29 17:44:48'),
	('2024-07-19', 16, 300000, '예약 가능', '2024-05-29 17:44:48', '2024-05-29 17:44:48'),
	('2024-07-20', 16, 300000, '예약 가능', '2024-05-29 17:44:48', '2024-05-29 17:44:48'),
	('2024-07-21', 16, 300000, '예약 가능', '2024-05-29 17:44:48', '2024-05-29 17:44:48'),
	('2024-07-22', 16, 300000, '예약 가능', '2024-05-29 17:44:48', '2024-05-29 17:44:48'),
	('2024-07-23', 16, 300000, '예약 가능', '2024-05-29 17:44:48', '2024-05-29 17:44:48'),
	('2024-07-24', 16, 300000, '예약 가능', '2024-05-29 17:44:48', '2024-05-29 17:44:48'),
	('2024-07-25', 16, 300000, '예약 가능', '2024-05-29 17:44:48', '2024-05-29 17:44:48'),
	('2024-07-26', 16, 300000, '예약 가능', '2024-05-29 17:44:48', '2024-05-29 17:44:48'),
	('2024-07-27', 16, 300000, '예약 가능', '2024-05-29 17:44:48', '2024-05-29 17:44:48'),
	('2024-07-28', 16, 300000, '예약 가능', '2024-05-29 17:44:48', '2024-05-29 17:44:48'),
	('2024-07-29', 16, 300000, '예약 가능', '2024-05-29 17:44:48', '2024-05-29 17:44:48'),
	('2024-07-30', 16, 300000, '예약 가능', '2024-05-29 17:44:48', '2024-05-29 17:44:48'),
	('2024-07-31', 16, 300000, '예약 가능', '2024-05-29 17:44:48', '2024-05-29 17:44:48'),
	('2024-08-01', 16, 300000, '예약 완료', '2024-05-29 17:45:00', '2024-05-29 17:45:00'),
	('2024-08-02', 16, 300000, '예약 완료', '2024-05-29 17:45:00', '2024-05-29 17:45:00'),
	('2024-08-03', 16, 300000, '예약 완료', '2024-05-29 17:45:00', '2024-05-29 17:45:00'),
	('2024-08-04', 16, 300000, '예약 가능', '2024-05-29 17:45:00', '2024-05-29 17:45:00'),
	('2024-08-05', 16, 300000, '예약 완료', '2024-05-29 17:45:00', '2024-05-29 17:45:00'),
	('2024-08-06', 16, 300000, '예약 완료', '2024-05-29 17:45:00', '2024-05-29 17:45:00'),
	('2024-08-07', 16, 300000, '예약 가능', '2024-05-29 17:45:00', '2024-05-29 17:45:00'),
	('2024-08-08', 16, 300000, '예약 가능', '2024-05-29 17:45:00', '2024-05-29 17:45:00'),
	('2024-08-09', 16, 300000, '예약 가능', '2024-05-29 17:45:00', '2024-05-29 17:45:00'),
	('2024-08-10', 16, 300000, '예약 가능', '2024-05-29 17:45:00', '2024-05-29 17:45:00'),
	('2024-08-11', 16, 300000, '예약 가능', '2024-05-29 17:45:00', '2024-05-29 17:45:00'),
	('2024-08-12', 16, 300000, '예약 가능', '2024-05-29 17:45:00', '2024-05-29 17:45:00'),
	('2024-08-13', 16, 300000, '예약 가능', '2024-05-29 17:45:00', '2024-05-29 17:45:00'),
	('2024-08-14', 16, 300000, '예약 가능', '2024-05-29 17:45:00', '2024-05-29 17:45:00'),
	('2024-08-15', 16, 300000, '예약 가능', '2024-05-29 17:45:00', '2024-05-29 17:45:00'),
	('2024-08-16', 16, 300000, '예약 가능', '2024-05-29 17:45:00', '2024-05-29 17:45:00'),
	('2024-08-17', 16, 300000, '예약 가능', '2024-05-29 17:45:00', '2024-05-29 17:45:00'),
	('2024-08-18', 16, 300000, '예약 가능', '2024-05-29 17:45:00', '2024-05-29 17:45:00'),
	('2024-08-19', 16, 300000, '예약 가능', '2024-05-29 17:45:00', '2024-05-29 17:45:00'),
	('2024-08-20', 16, 300000, '예약 가능', '2024-05-29 17:45:00', '2024-05-29 17:45:00'),
	('2024-08-21', 16, 300000, '예약 가능', '2024-05-29 17:45:00', '2024-05-29 17:45:00'),
	('2024-08-22', 16, 300000, '예약 가능', '2024-05-29 17:45:00', '2024-05-29 17:45:00'),
	('2024-08-23', 16, 300000, '예약 가능', '2024-05-29 17:45:00', '2024-05-29 17:45:00'),
	('2024-08-24', 16, 300000, '예약 가능', '2024-05-29 17:45:00', '2024-05-29 17:45:00'),
	('2024-08-25', 16, 300000, '예약 가능', '2024-05-29 17:45:00', '2024-05-29 17:45:00'),
	('2024-08-26', 16, 300000, '예약 가능', '2024-05-29 17:45:00', '2024-05-29 17:45:00'),
	('2024-08-27', 16, 300000, '예약 가능', '2024-05-29 17:45:00', '2024-05-29 17:45:00'),
	('2024-08-28', 16, 300000, '예약 가능', '2024-05-29 17:45:00', '2024-05-29 17:45:00'),
	('2024-08-29', 16, 300000, '예약 가능', '2024-05-29 17:45:00', '2024-05-29 17:45:00'),
	('2024-08-30', 16, 300000, '예약 가능', '2024-05-29 17:45:00', '2024-05-29 17:45:00'),
	('2024-08-31', 16, 300000, '예약 가능', '2024-05-29 17:45:00', '2024-05-29 17:45:00'),
	('2024-05-01', 20, 200000, '예약 완료', '2024-05-29 17:48:58', '2024-05-29 17:48:58'),
	('2024-05-02', 20, 200000, '예약 완료', '2024-05-29 17:48:58', '2024-05-29 17:48:58'),
	('2024-05-03', 20, 200000, '예약 완료', '2024-05-29 17:48:58', '2024-05-29 17:48:58'),
	('2024-05-04', 20, 200000, '예약 가능', '2024-05-29 17:48:58', '2024-05-29 17:48:58'),
	('2024-05-05', 20, 200000, '예약 가능', '2024-05-29 17:48:58', '2024-05-29 17:48:58'),
	('2024-05-06', 20, 200000, '예약 가능', '2024-05-29 17:48:58', '2024-05-29 17:48:58'),
	('2024-05-07', 20, 200000, '예약 가능', '2024-05-29 17:48:58', '2024-05-29 17:48:58'),
	('2024-05-08', 20, 200000, '예약 가능', '2024-05-29 17:48:58', '2024-05-29 17:48:58'),
	('2024-05-09', 20, 200000, '예약 가능', '2024-05-29 17:48:58', '2024-05-29 17:48:58'),
	('2024-05-10', 20, 200000, '예약 가능', '2024-05-29 17:48:58', '2024-05-29 17:48:58'),
	('2024-05-11', 20, 200000, '예약 가능', '2024-05-29 17:48:58', '2024-05-29 17:48:58'),
	('2024-05-12', 20, 200000, '예약 가능', '2024-05-29 17:48:58', '2024-05-29 17:48:58'),
	('2024-05-13', 20, 200000, '예약 완료', '2024-05-29 17:48:58', '2024-05-29 17:48:58'),
	('2024-05-14', 20, 200000, '예약 가능', '2024-05-29 17:48:58', '2024-05-29 17:48:58'),
	('2024-05-15', 20, 200000, '예약 가능', '2024-05-29 17:48:58', '2024-05-29 17:48:58'),
	('2024-05-16', 20, 200000, '예약 완료', '2024-05-29 17:48:58', '2024-05-29 17:48:58'),
	('2024-05-17', 20, 200000, '예약 가능', '2024-05-29 17:48:58', '2024-05-29 17:48:58'),
	('2024-05-18', 20, 200000, '예약 가능', '2024-05-29 17:48:59', '2024-05-29 17:48:59'),
	('2024-05-19', 20, 200000, '예약 완료', '2024-05-29 17:48:59', '2024-05-29 17:48:59'),
	('2024-05-20', 20, 200000, '예약 가능', '2024-05-29 17:48:59', '2024-05-29 17:48:59'),
	('2024-05-21', 20, 200000, '예약 완료', '2024-05-29 17:48:59', '2024-05-29 17:48:59'),
	('2024-05-22', 20, 200000, '예약 가능', '2024-05-29 17:48:59', '2024-05-29 17:48:59'),
	('2024-05-23', 20, 200000, '예약 완료', '2024-05-29 17:48:59', '2024-05-29 17:48:59'),
	('2024-05-24', 20, 200000, '예약 가능', '2024-05-29 17:48:59', '2024-05-29 17:48:59'),
	('2024-05-25', 20, 200000, '예약 완료', '2024-05-29 17:48:59', '2024-05-29 17:48:59'),
	('2024-05-26', 20, 200000, '예약 완료', '2024-05-29 17:48:59', '2024-05-29 17:48:59'),
	('2024-05-27', 20, 200000, '예약 완료', '2024-05-29 17:48:59', '2024-05-29 17:48:59'),
	('2024-05-28', 20, 200000, '예약 완료', '2024-05-29 17:48:59', '2024-05-29 17:48:59'),
	('2024-05-29', 20, 200000, '예약 완료', '2024-05-29 17:48:59', '2024-05-29 17:48:59'),
	('2024-05-30', 20, 200000, '예약 완료', '2024-05-29 17:48:59', '2024-05-29 17:48:59'),
	('2024-05-31', 20, 200000, '예약 완료', '2024-05-29 17:48:59', '2024-05-29 17:48:59');

-- 테이블 bnb.revenue_status 구조 내보내기
CREATE TABLE IF NOT EXISTS `revenue_status` (
  `booking_no` int(11) NOT NULL,
  `revenue` int(11) NOT NULL COMMENT '숙소 가격에서 10%',
  `create_date` datetime NOT NULL DEFAULT current_timestamp(),
  PRIMARY KEY (`booking_no`),
  CONSTRAINT `fk_revenue_status_booking1` FOREIGN KEY (`booking_no`) REFERENCES `booking` (`booking_no`) ON DELETE CASCADE ON UPDATE NO ACTION
) ENGINE=InnoDB DEFAULT CHARSET=utf8 COLLATE=utf8_general_ci;

-- 테이블 데이터 bnb.revenue_status:~9 rows (대략적) 내보내기
INSERT IGNORE INTO `revenue_status` (`booking_no`, `revenue`, `create_date`) VALUES
	(20, 240000, '2024-05-23 09:16:03'),
	(22, 200000, '2024-05-29 17:39:55'),
	(23, 400000, '2024-05-29 17:42:55'),
	(24, 900000, '2024-05-29 17:46:30'),
	(25, 600000, '2024-05-29 17:46:57'),
	(26, 600000, '2024-05-29 17:49:27'),
	(27, 2400000, '2024-05-29 18:00:23'),
	(28, 80000, '2024-05-29 18:03:42'),
	(29, 100000, '2024-05-29 18:05:40'),
	(30, 100000, '2024-05-31 12:46:29'),
	(31, 160000, '2024-05-31 12:46:43');

-- 테이블 bnb.review 구조 내보내기
CREATE TABLE IF NOT EXISTS `review` (
  `booking_no` int(11) NOT NULL,
  `rating` int(11) NOT NULL,
  `review_content` text NOT NULL,
  `create_date` datetime NOT NULL,
  PRIMARY KEY (`booking_no`),
  KEY `fk_review_booking1_idx` (`booking_no`),
  CONSTRAINT `fk_review_booking1` FOREIGN KEY (`booking_no`) REFERENCES `booking` (`booking_no`) ON DELETE NO ACTION ON UPDATE NO ACTION
) ENGINE=InnoDB DEFAULT CHARSET=utf8 COLLATE=utf8_general_ci;

-- 테이블 데이터 bnb.review:~0 rows (대략적) 내보내기
INSERT IGNORE INTO `review` (`booking_no`, `rating`, `review_content`, `create_date`) VALUES
	(20, 4, '아직 살아보진않았지만 최고의 하루가 될것같습니다!!!!!', '2024-05-29 18:01:02');

-- 테이블 bnb.room 구조 내보내기
CREATE TABLE IF NOT EXISTS `room` (
  `room_no` int(11) NOT NULL AUTO_INCREMENT,
  `customer_id` varchar(255) NOT NULL,
  `room_name` varchar(255) NOT NULL,
  `room_theme` varchar(255) NOT NULL,
  `room_address` varchar(255) NOT NULL,
  `operation_start` date NOT NULL,
  `operation_end` date NOT NULL,
  `max_people` int(11) NOT NULL,
  `room_content` text NOT NULL,
  `room_category` enum('펜션','호텔','리조트','카라반','글램핑','한옥') NOT NULL,
  `approve_state` enum('미승인','승인','반려','재승인') NOT NULL DEFAULT '미승인',
  `create_date` datetime NOT NULL DEFAULT current_timestamp(),
  `update_date` datetime NOT NULL DEFAULT current_timestamp(),
  PRIMARY KEY (`room_no`),
  KEY `fk_room_room_category1_idx` (`room_theme`),
  KEY `fk_room_customer1_idx` (`customer_id`),
  CONSTRAINT `fk_room_customer` FOREIGN KEY (`customer_id`) REFERENCES `customer` (`customer_id`) ON DELETE NO ACTION ON UPDATE NO ACTION,
  CONSTRAINT `fk_room_theme` FOREIGN KEY (`room_theme`) REFERENCES `room_theme` (`room_theme`) ON DELETE NO ACTION ON UPDATE NO ACTION
) ENGINE=InnoDB AUTO_INCREMENT=22 DEFAULT CHARSET=utf8 COLLATE=utf8_general_ci;

-- 테이블 데이터 bnb.room:~14 rows (대략적) 내보내기
INSERT IGNORE INTO `room` (`room_no`, `customer_id`, `room_name`, `room_theme`, `room_address`, `operation_start`, `operation_end`, `max_people`, `room_content`, `room_category`, `approve_state`, `create_date`, `update_date`) VALUES
	(1, 'osy', '나이스 펜션', '친근한', '인천광역시 남동구 예술로 1번길 1', '2022-01-01', '2025-01-01', 8, '넓고 쾌적한 펜션입니다', '펜션', '승인', '2024-05-09 16:37:38', '2024-05-09 16:37:38'),
	(2, 'osy', '나이스 호텔', '자연친화적인', '인천광역시 남동구 예술로 1번길 2', '2022-01-01', '2025-01-01', 4, '넓고 쾌적한 호텔입니다', '호텔', '승인', '2024-05-09 16:37:38', '2024-05-09 16:37:38'),
	(4, 'osy', '나이스 글램핑', '자연친화적인', '인천광역시 남동구 예술로 1번길 4', '2022-01-01', '2025-01-01', 2, '넓고 쾌적한 글램핑장입입니다', '글램핑', '반려', '2024-05-09 16:37:38', '2024-05-09 16:37:38'),
	(12, 'osy', 'test펜션', '친근한', '서울 종로', '2024-05-27', '2024-09-30', 5, 'test펜션', '펜션', '승인', '2024-05-27 17:37:11', '2024-05-27 17:37:11'),
	(13, 'test', '구디 호텔', '고급스러운', '서울시 금천구', '2024-05-09', '2024-10-30', 10, '가산디지털역 근처 호텔입니다', '호텔', '반려', '2024-05-29 17:26:53', '2024-05-29 17:26:53'),
	(14, 'test', '구디 펜션', '단체 가능한', '서울시 금천구', '2024-04-30', '2024-09-19', 20, '가산디지털역 근처 호텔입니다', '펜션', '승인', '2024-05-29 17:27:56', '2024-05-29 17:27:56'),
	(15, 'test', '구디 리조트', '해변이 보이는', '서울시 금천구', '2024-06-05', '2024-10-01', 4, '가산디지털역 근처 호텔입니다', '리조트', '승인', '2024-05-29 17:28:38', '2024-05-29 17:28:38'),
	(16, 'cus1', '가디 호텔', '공기가 좋은', '서울시 금천구', '2024-07-17', '2024-11-06', 2, '가산디지털역 근처 호텔입니다', '호텔', '승인', '2024-05-29 17:29:48', '2024-05-29 17:29:48'),
	(17, 'cus1', '가디 리조트', '도시적인', '서울시 금천구', '2024-07-16', '2024-12-03', 10, '가산디지털역 근처 리조트입니다', '리조트', '승인', '2024-05-29 17:30:27', '2024-05-29 17:30:27'),
	(18, 'cus1', '가디 펜션', '수영장이 있는', '서울시 금천구', '2024-05-09', '2025-03-30', 15, '가산디지털역 근처 펜션입니다', '펜션', '반려', '2024-05-29 17:32:11', '2024-05-29 17:32:11'),
	(19, 'cus2', '구로 호텔', '고급스러운', '서울시 구로구', '2024-05-29', '2024-09-26', 3, '구로역 근처 호텔이에요^^', '호텔', '승인', '2024-05-29 17:33:39', '2024-05-29 17:33:39'),
	(20, 'cus2', '구로 리조트', '애견동반가능', '서울시 구로구', '2024-03-12', '2024-11-25', 5, '구로역 근처 리조트이에요^^', '리조트', '승인', '2024-05-29 17:34:31', '2024-05-29 17:34:31'),
	(21, 'cus30', '나도 호스트할래', '애견동반불가', '제주도', '2024-05-01', '2025-02-28', 99, '호스트원해요', '한옥', '승인', '2024-05-29 18:06:44', '2024-05-29 18:06:44');

-- 테이블 bnb.room_img 구조 내보내기
CREATE TABLE IF NOT EXISTS `room_img` (
  `room_img` varchar(255) NOT NULL,
  `room_no` int(11) NOT NULL,
  PRIMARY KEY (`room_img`),
  KEY `room_no` (`room_no`),
  CONSTRAINT `room_img_ibfk_1` FOREIGN KEY (`room_no`) REFERENCES `room` (`room_no`) ON DELETE CASCADE
) ENGINE=InnoDB DEFAULT CHARSET=utf8 COLLATE=utf8_general_ci;

-- 테이블 데이터 bnb.room_img:~34 rows (대략적) 내보내기
INSERT IGNORE INTO `room_img` (`room_img`, `room_no`) VALUES
	('펜션.jpg', 1),
	('호텔.jpg', 2),
	('글램핑.jpg', 4),
	('4f3b90140ab441ea8f586b4800a554c8.jpg', 12),
	('944e0c2d88424b529e763be60521804d.jpg', 12),
	('cdf4ae0bc67a4e648a726ce63c724a43.jpg', 12),
	('f0f8b376454c4033bbbcd436d9f63ba0.jpg', 12),
	('25858f866f84447088b393f2e1aa34e4.jpg', 13),
	('d36e44c9f93645548f180b95979fb641.jpg', 13),
	('2ed0bfe567874e808f4bf47c4969d5ae.jpg', 14),
	('8efa1d5f390945c68df2a4b7118d4a10.jpg', 14),
	('b40b03d963ff421fbb5dd9c213aad18d.jpg', 14),
	('e8210356ab804c9489e5d697bc368567.jpg', 14),
	('1a1ac4bb56ad42eba75cc912deaa90aa.jfif', 15),
	('6a4f9637741a473c929097b96d08e0a6.jpg', 15),
	('96a40ae75d894273af5c95f8b78f37fe.jpg', 15),
	('e5714b3abd6f41999e89fc2a674176e1.jpg', 15),
	('62c7a331f18b4bf388aa1c902068c52e.jpg', 16),
	('6da6ff85a8194a8cb708e91d5e13fc2d.jpg', 16),
	('6dd4791c5bd6401487103eac4186233d.jpg', 16),
	('2ba5f3bd2f94441e92e12cd41f9acc42.jpg', 17),
	('2c020d8c07054e8e9a87d40d45a24fa2.jpg', 17),
	('afa1cc4bcf63419b9d09bbb4b97f2c9d.jpg', 17),
	('df081fca07cd45738fd602fb104115be.jpg', 17),
	('6861167652654a03822fc2f01fcb3f55.jpg', 18),
	('94b4db4ecbf3466e98e75907a19a8256.jpg', 18),
	('a1a4ab3b2961428eba37a1e7c29327e7.jpg', 18),
	('b3b4e83733164f83bbcbe52d413f87bd.jpg', 18),
	('338ca6ea00ad4f9ab98b0c8fe724d545.jfif', 19),
	('aa7bfa17ad1d4c4ab0d66591b23926b1.jpg', 19),
	('dda000e3a2544885bf4e0c10232cbf93.jpg', 19),
	('2c4e81e0848546c8a2d074c9ae1b46a0.jpg', 20),
	('732933737ddc4e3383f09fa8979087a4.jpg', 20),
	('ba279c677b8d494e9717d4dba421b3ff.jpg', 20),
	('bbc5fe3a0e124abf80bcb2d3b4be57ef.jpg', 20),
	('d7ce2b297fb14539abc3c3713e43dc1a.jpg', 20),
	('2e9baa165e4c4219a1ed86c2753253c5.jpg', 21);

-- 테이블 bnb.room_option 구조 내보내기
CREATE TABLE IF NOT EXISTS `room_option` (
  `room_no` int(11) NOT NULL AUTO_INCREMENT,
  `wifi` enum('0','1') NOT NULL,
  `kitchen_tools` enum('0','1') NOT NULL,
  `parking` enum('0','1') NOT NULL,
  `bed` int(11) NOT NULL,
  `ott` enum('0','1') NOT NULL,
  `ev` enum('0','1') NOT NULL,
  PRIMARY KEY (`room_no`),
  CONSTRAINT `room_option_ibfk_1` FOREIGN KEY (`room_no`) REFERENCES `room` (`room_no`) ON DELETE CASCADE
) ENGINE=InnoDB AUTO_INCREMENT=22 DEFAULT CHARSET=utf8 COLLATE=utf8_general_ci;

-- 테이블 데이터 bnb.room_option:~12 rows (대략적) 내보내기
INSERT IGNORE INTO `room_option` (`room_no`, `wifi`, `kitchen_tools`, `parking`, `bed`, `ott`, `ev`) VALUES
	(1, '1', '1', '1', 5, '1', '1'),
	(2, '0', '1', '0', 4, '1', '0'),
	(4, '1', '1', '1', 1, '1', '1'),
	(12, '0', '0', '0', 2, '0', '0'),
	(13, '0', '0', '0', 5, '0', '0'),
	(14, '0', '0', '0', 6, '0', '0'),
	(15, '0', '0', '0', 2, '0', '0'),
	(16, '0', '0', '0', 1, '0', '0'),
	(17, '1', '0', '0', 4, '1', '0'),
	(18, '0', '0', '1', 5, '1', '0'),
	(19, '0', '1', '0', 3, '0', '1'),
	(20, '1', '1', '0', 2, '1', '1'),
	(21, '0', '0', '0', 98, '0', '0');

-- 테이블 bnb.room_theme 구조 내보내기
CREATE TABLE IF NOT EXISTS `room_theme` (
  `room_theme` varchar(255) NOT NULL,
  PRIMARY KEY (`room_theme`)
) ENGINE=InnoDB DEFAULT CHARSET=utf8 COLLATE=utf8_general_ci;

-- 테이블 데이터 bnb.room_theme:~11 rows (대략적) 내보내기
INSERT IGNORE INTO `room_theme` (`room_theme`) VALUES
	('고급스러운'),
	('공기가 좋은'),
	('단체 가능한'),
	('도시적인'),
	('바로 앞에 바다'),
	('수영장이 있는'),
	('애견동반가능'),
	('애견동반불가'),
	('자연친화적인'),
	('친근한'),
	('해변이 보이는');

/*!40103 SET TIME_ZONE=IFNULL(@OLD_TIME_ZONE, 'system') */;
/*!40101 SET SQL_MODE=IFNULL(@OLD_SQL_MODE, '') */;
/*!40014 SET FOREIGN_KEY_CHECKS=IFNULL(@OLD_FOREIGN_KEY_CHECKS, 1) */;
/*!40101 SET CHARACTER_SET_CLIENT=@OLD_CHARACTER_SET_CLIENT */;
/*!40111 SET SQL_NOTES=IFNULL(@OLD_SQL_NOTES, 1) */;
